Date,Generation,Coal ,Renewable
01/04/2015,2861,2861,0
02/04/2015,2856,2856,0
03/04/2015,2792,2792,0
04/04/2015,2798,2798,0
05/04/2015,2770,2770,0
06/04/2015,2875,2875,0
07/04/2015,2875,2875,0
08/04/2015,2875,2875,0
09/04/2015,2922,2922,0
10/04/2015,2946,2946,0
11/04/2015,2886,2886,0
12/04/2015,2650,2650,0
13/04/2015,2700,2700,0
14/04/2015,2700,2700,0
15/04/2015,2770,2770,0
16/04/2015,2809,2809,0
17/04/2015,2828,2828,0
18/04/2015,2836,2836,0
19/04/2015,2786,2786,0
20/04/2015,2917,2917,0
21/04/2015,3024,3024,0
22/04/2015,3003,3003,0
23/04/2015,2947,2947,0
24/04/2015,2966,2966,0
25/04/2015,2739,2739,0
26/04/2015,2788,2788,0
27/04/2015,2897,2897,0
28/04/2015,2899,2899,0
29/04/2015,2988,2988,0
30/04/2015,2952,2952,0
01/05/2015,2926,2926,0
02/05/2015,2981,2981,0
03/05/2015,2908,2908,0
04/05/2015,3007,3007,0
05/05/2015,3043,3043,0
06/05/2015,3095,3095,0
07/05/2015,3097,3097,0
08/05/2015,3111,3111,0
09/05/2015,3150,3150,0
10/05/2015,3060,3060,0
11/05/2015,3052,3052,0
12/05/2015,3074,3074,0
13/05/2015,3008,3008,0
14/05/2015,3011,3011,0
15/05/2015,3048,3048,0
16/05/2015,2990,2990,0
17/05/2015,2858,2858,0
18/05/2015,2973,2973,0
19/05/2015,2986,2986,0
20/05/2015,3001,3001,0
21/05/2015,3098,3098,0
22/05/2015,3116,3116,0
23/05/2015,3085,3085,0
24/05/2015,2973,2973,0
25/05/2015,3095,3095,0
26/05/2015,3166,3166,0
27/05/2015,3160,3160,0
28/05/2015,3145,3145,0
29/05/2015,3164,3164,0
30/05/2015,3188,3188,0
31/05/2015,3050,3050,0
01/06/2015,2925,2925,0
02/06/2015,2959,2959,0
03/06/2015,3029,3029,0
04/06/2015,3064,3064,0
05/06/2015,3068,3068,0
06/06/2015,3076,3076,0
07/06/2015,2980,2980,0
08/06/2015,3089,3089,0
09/06/2015,3070,3070,0
10/06/2015,3118,3118,0
11/06/2015,3099,3099,0
12/06/2015,3091,3091,0
13/06/2015,3013,3013,0
14/06/2015,2721,2721,0
15/06/2015,2874,2874,0
16/06/2015,2969,2969,0
17/06/2015,3036,3036,0
18/06/2015,3023,3023,0
19/06/2015,3051,3051,0
20/06/2015,2939,2939,0
21/06/2015,2769,2769,0
22/06/2015,2850,2850,0
23/06/2015,2847,2847,0
24/06/2015,2699,2699,0
25/06/2015,2630,2630,0
26/06/2015,2737,2737,0
27/06/2015,2793,2793,0
28/06/2015,2856,2856,0
29/06/2015,2943,2943,0
30/06/2015,2957,2957,0
02/07/2015,3032,3032,0
03/07/2015,3043,3043,0
04/07/2015,3010,3010,0
05/07/2015,2982,2982,0
06/07/2015,2966,2966,0
07/07/2015,3015,3015,0
08/07/2015,3019,3019,0
09/07/2015,2978,2978,0
10/07/2015,2915,2915,0
11/07/2015,2875,2875,0
12/07/2015,2758,2758,0
13/07/2015,2960,2960,0
14/07/2015,3121,3121,0
15/07/2015,3119,3119,0
16/07/2015,3077,3077,0
17/07/2015,3066,3066,0
18/07/2015,3040,3040,0
19/07/2015,2852,2852,0
20/07/2015,2915,2915,0
21/07/2015,2971,2971,0
22/07/2015,2987,2987,0
23/07/2015,3028,3028,0
24/07/2015,3027,3027,0
25/07/2015,2981,2981,0
26/07/2015,2711,2711,0
27/07/2015,2807,2807,0
28/07/2015,2846,2846,0
29/07/2015,2865,2865,0
30/07/2015,2885,2885,0
31/07/2015,2866,2866,0
01/08/2015,2827,2827,0
02/08/2015,2775,2775,0
03/08/2015,2877,2877,0
04/08/2015,2883,2883,0
05/08/2015,2887,2887,0
06/08/2015,2944,2944,0
07/08/2015,2975,2975,0
08/08/2015,2962,2962,0
09/08/2015,2915,2915,0
10/08/2015,3062,3062,0
11/08/2015,3041,3041,0
12/08/2015,3001,3001,0
13/08/2015,3005,3005,0
14/08/2015,3014,3014,0
15/08/2015,2904,2904,0
16/08/2015,2846,2846,0
17/08/2015,3007,3007,0
18/08/2015,3062,3062,0
19/08/2015,3052,3052,0
20/08/2015,3075,3075,0
21/08/2015,3054,3054,0
22/08/2015,3057,3057,0
23/08/2015,2941,2941,0
24/08/2015,3058,3058,0
25/08/2015,3165,3165,0
26/08/2015,3223,3223,0
27/08/2015,3245,3245,0
28/08/2015,3253,3253,0
29/08/2015,3197,3197,0
30/08/2015,3115,3115,0
31/08/2015,3247,3247,0
01/09/2015,3265,3265,0
02/09/2015,3248,3248,0
03/09/2015,3324,3324,0
04/09/2015,3318,3318,0
05/09/2015,3307,3307,0
06/09/2015,3208,3208,0
07/09/2015,3289,3289,0
08/09/2015,3306,3306,0
09/09/2015,3304,3304,0
10/09/2015,3313,3313,0
11/09/2015,3285,3285,0
12/09/2015,3252,3252,0
13/09/2015,3174,3174,0
14/09/2015,3232,3232,0
15/09/2015,3248,3248,0
16/09/2015,3202,3202,0
17/09/2015,3095,3095,0
18/09/2015,3041,3041,0
19/09/2015,2971,2971,0
20/09/2015,2813,2813,0
21/09/2015,2849,2849,0
22/09/2015,2864,2864,0
23/09/2015,2889,2889,0
24/09/2015,2908,2908,0
25/09/2015,2950,2950,0
26/09/2015,2967,2967,0
27/09/2015,2954,2954,0
28/09/2015,3086,3086,0
29/09/2015,3187,3187,0
30/09/2015,3175,3175,0
01/10/2015,3184,3184,0
02/10/2015,3120,3120,0
03/10/2015,3094,3094,0
04/10/2015,3027,3027,0
05/10/2015,3134,3134,0
06/10/2015,3191,3191,0
07/10/2015,3240,3240,0
08/10/2015,3265,3265,0
10/10/2015,3237,3237,0
11/10/2015,3156,3156,0
12/10/2015,3212,3212,0
13/10/2015,3263,3263,0
14/10/2015,3248,3248,0
15/10/2015,3240,3240,0
16/10/2015,3254,3254,0
17/10/2015,3263,3263,0
18/10/2015,3192,3192,0
19/10/2015,3271,3271,0
20/10/2015,3298,3298,0
21/10/2015,3269,3269,0
22/10/2015,3120,3120,0
23/10/2015,3118,3118,0
24/10/2015,3113,3113,0
25/10/2015,3061,3061,0
26/10/2015,3061,3061,0
27/10/2015,3113,3113,0
28/10/2015,2992,2992,0
29/10/2015,2922,2922,0
30/10/2015,2912,2912,0
31/10/2015,2903,2903,0
01/11/2015,2877,2877,0
02/11/2015,2973,2973,0
03/11/2015,3024,3024,0
04/11/2015,3049,3049,0
05/11/2015,3013,3013,0
06/11/2015,3033,3033,0
07/11/2015,3004,3004,0
08/11/2015,2977,2977,0
09/11/2015,2902,2902,0
10/11/2015,2785,2785,0
11/11/2015,2649,2649,0
12/11/2015,2639,2639,0
13/11/2015,2692,2692,0
14/11/2015,2721,2721,0
15/11/2015,2754,2754,0
16/11/2015,2779,2779,0
17/11/2015,2791,2791,0
18/11/2015,2792,2792,0
19/11/2015,2777,2777,0
20/11/2015,2753,2753,0
21/11/2015,2731,2731,0
22/11/2015,2723,2723,0
23/11/2015,2797,2797,0
24/11/2015,2820,2820,0
25/11/2015,2847,2847,0
26/11/2015,2848,2848,0
27/11/2015,2813,2813,0
28/11/2015,2861,2861,0
29/11/2015,2737,2737,0
30/11/2015,2819,2819,0
01/12/2015,2847,2847,0
02/12/2015,2785,2785,0
03/12/2015,2797,2797,0
04/12/2015,2793,2793,0
05/12/2015,2798,2798,0
06/12/2015,2728,2728,0
07/12/2015,2814,2814,0
08/12/2015,2859,2859,0
09/12/2015,2853,2853,0
10/12/2015,2879,2879,0
11/12/2015,2868,2868,0
12/12/2015,2898,2898,0
13/12/2015,2819,2819,0
14/12/2015,2865,2865,0
15/12/2015,2906,2906,0
16/12/2015,2946,2946,0
17/12/2015,2933,2933,0
18/12/2015,2924,2924,0
19/12/2015,2948,2948,0
20/12/2015,2870,2870,0
21/12/2015,2951,2951,0
22/12/2015,3002,3002,0
23/12/2015,2984,2984,0
24/12/2015,2934,2934,0
25/12/2015,2896,2896,0
26/12/2015,2866,2866,0
27/12/2015,2785,2785,0
28/12/2015,2844,2844,0
29/12/2015,2891,2891,0
30/12/2015,2928,2928,0
31/12/2015,2914,2914,0
01/01/2016,2904,2904,0
02/01/2016,2930,2930,0
03/01/2016,2911,2911,0
04/01/2016,2972,2972,0
05/01/2016,3010,3010,0
06/01/2016,0,#VALUE!,0
07/01/2016,3015,3015,0
08/01/2016,2988,2988,0
09/01/2016,2965,2965,0
10/01/2016,2920,2920,0
11/01/2016,2984,2984,0
12/01/2016,3041,3041,0
13/01/2016,3020,3020,0
14/01/2016,2955,2955,0
15/01/2016,2896,2896,0
16/01/2016,2865,2865,0
17/01/2016,2860,2860,0
18/01/2016,2940,2940,0
19/01/2016,2910,2910,0
20/01/2016,2896,2896,0
21/01/2016,2934,2934,0
22/01/2016,2913,2913,0
23/01/2016,2921,2921,0
24/01/2016,2886,2886,0
25/01/2016,2981,2981,0
26/01/2016,2875,2875,0
27/01/2016,2994,2994,0
28/01/2016,3056,3056,0
29/01/2016,3044,3044,0
30/01/2016,3029,3029,0
31/01/2016,2927,2927,0
01/02/2016,3001,3001,0
02/02/2016,3023,3023,0
03/02/2016,3038,3038,0
04/02/2016,3049,3049,0
05/02/2016,3044,3044,0
06/02/2016,3037,3037,0
07/02/2016,2963,2963,0
08/02/2016,3006,3006,0
09/02/2016,3051,3051,0
10/02/2016,3054,3054,0
11/02/2016,3048,3048,0
12/02/2016,3039,3039,0
13/02/2016,3020,3020,0
15/02/2016,3012,3012,0
16/02/2016,3004,3004,0
17/02/2016,3016,3016,0
18/02/2016,3019,3019,0
19/02/2016,3087,3087,0
20/02/2016,3083,3083,0
21/02/2016,2976,2976,0
22/02/2016,3085,3085,0
23/02/2016,3112,3112,0
24/02/2016,3128,3128,0
25/02/2016,3145,3145,0
26/02/2016,3130,3130,0
27/02/2016,3093,3093,0
28/02/2016,3016,3016,0
29/02/2016,3106,3106,0
01/03/2016,3132,3132,0
02/03/2016,3145,3145,0
03/03/2016,3150,3150,0
04/03/2016,3159,3159,0
05/03/2016,3065,3065,0
06/03/2016,2912,2912,0
07/03/2016,3017,3017,0
08/03/2016,3074,3074,0
09/03/2016,3177,3177,0
10/03/2016,3194,3194,0
11/03/2016,3142,3142,0
12/03/2016,3025,3025,0
13/03/2016,2881,2881,0
14/03/2016,2983,2983,0
15/03/2016,3053,3053,0
16/03/2016,3078,3078,0
17/03/2016,3113,3113,0
18/03/2016,3134,3134,0
19/03/2016,3124,3124,0
20/03/2016,3037,3037,0
21/03/2016,3140,3140,0
22/03/2016,3154,3154,0
23/03/2016,3119,3119,0
25/03/2016,3016,3016,0
26/03/2016,3136,3136,0
27/03/2016,3053,3053,0
28/03/2016,3112,3112,0
29/03/2016,3201,3201,0
30/03/2016,3210,3210,0
31/03/2016,3229,3229,0
01/04/2016,3196,3196,0
02/04/2016,3231,3231,0
03/04/2016,3153,3153,0
04/04/2016,3283,3283,0
05/04/2016,3284,3284,0
06/04/2016,3254,3254,0
07/04/2016,3258,3258,0
08/04/2016,3248,3248,0
09/04/2016,3242,3242,0
10/04/2016,3181,3181,0
11/04/2016,3253,3253,0
12/04/2016,3302,3302,0
13/04/2016,3267,3267,0
14/04/2016,3310,3310,0
15/04/2016,3344,3344,0
16/04/2016,3348,3348,0
17/04/2016,3238,3238,0
18/04/2016,3395,3395,0
19/04/2016,3431,3431,0
20/04/2016,3450,3450,0
21/04/2016,3347,3347,0
22/04/2016,3269,3269,0
23/04/2016,3288,3288,0
24/04/2016,3206,3206,0
25/04/2016,3328,3328,0
26/04/2016,3385,3385,0
27/04/2016,3367,3367,0
28/04/2016,3432,3432,0
29/04/2016,3467,3467,0
30/04/2016,3400,3400,0
01/05/2016,3190,3190,0
02/05/2016,3355,3355,0
03/05/2016,3387,3387,0
04/05/2016,3299,3299,0
05/05/2016,3275,3275,0
06/05/2016,3250,3250,0
07/05/2016,3315,3315,0
08/05/2016,3200,3200,0
09/05/2016,3353,3353,0
10/05/2016,3331,3331,0
11/05/2016,604,#VALUE!,0
12/05/2016,3386,3386,0
13/05/2016,3367,3367,0
14/05/2016,3362,3362,0
15/05/2016,3312,3312,0
16/05/2016,3328,3328,0
17/05/2016,3333,3333,0
18/05/2016,3300,3300,0
19/05/2016,3288,3288,0
20/05/2016,3173,3173,0
21/05/2016,3085,3085,0
22/05/2016,3066,3066,0
23/05/2016,3009,3009,0
24/05/2016,2965,2965,0
25/05/2016,2996,2996,0
26/05/2016,3110,3110,0
27/05/2016,3221,3221,0
28/05/2016,3174,3174,0
29/05/2016,2847,2847,0
30/05/2016,2971,2971,0
31/05/2016,3129,3129,0
01/06/2016,3225,3225,0
02/06/2016,3259,3259,0
03/06/2016,3354,3354,0
04/06/2016,3347,3347,0
05/06/2016,3216,3216,0
06/06/2016,3265,3265,0
07/06/2016,3259,3259,0
08/06/2016,3243,3243,0
09/06/2016,3229,3229,0
10/06/2016,3218,3218,0
11/06/2016,3101,3101,0
12/06/2016,3024,3024,0
13/06/2016,3111,3111,0
14/06/2016,3121,3121,0
15/06/2016,3165,3165,0
16/06/2016,3234,3234,0
17/06/2016,3312,3312,0
18/06/2016,3296,3296,0
19/06/2016,3209,3209,0
20/06/2016,3310,3310,0
21/06/2016,3265,3265,0
22/06/2016,3185,3185,0
23/06/2016,3207,3207,0
24/06/2016,3238,3238,0
25/06/2016,3230,3230,0
26/06/2016,3142,3142,0
27/06/2016,3202,3202,0
28/06/2016,3167,3167,0
29/06/2016,3221,3221,0
30/06/2016,3240,3240,0
01/07/2016,3118,3118,0
02/07/2016,2846,2846,0
03/07/2016,2727,2727,0
04/07/2016,2853,2853,0
05/07/2016,2927,2927,0
06/07/2016,2881,2881,0
07/07/2016,3022,3022,0
08/07/2016,3038,3038,0
09/07/2016,2901,2901,0
10/07/2016,2827,2827,0
11/07/2016,2948,2948,0
12/07/2016,2995,2995,0
13/07/2016,3138,3138,0
14/07/2016,3163,3163,0
15/07/2016,3130,3130,0
16/07/2016,2960,2960,0
17/07/2016,2766,2766,0
18/07/2016,2852,2852,0
19/07/2016,2992,2992,0
20/07/2016,3108,3108,0
21/07/2016,3148,3148,0
22/07/2016,3177,3177,0
23/07/2016,3145,3145,0
24/07/2016,3112,3112,0
25/07/2016,3234,3234,0
26/07/2016,3269,3269,0
27/07/2016,3131,3131,0
28/07/2016,3164,3164,0
29/07/2016,3044,3044,0
30/07/2016,2995,2995,0
31/07/2016,2897,2897,0
01/08/2016,2844,2844,0
02/08/2016,2835,2835,0
03/08/2016,2889,2889,0
04/08/2016,2970,2970,0
05/08/2016,3029,3029,0
06/08/2016,2954,2954,0
07/08/2016,2872,2872,0
08/08/2016,3010,3010,0
09/08/2016,3025,3025,0
10/08/2016,2990,2990,0
11/08/2016,2977,2977,0
12/08/2016,3002,3002,0
13/08/2016,3001,3001,0
14/08/2016,2902,2902,0
15/08/2016,2793,2793,0
16/08/2016,2952,2952,0
17/08/2016,3030,3030,0
18/08/2016,3011,3011,0
19/08/2016,3120,3120,0
20/08/2016,3167,3167,0
21/08/2016,3126,3126,0
22/08/2016,3202,3202,0
23/08/2016,3235,3235,0
24/08/2016,3196,3196,0
25/08/2016,3170,3170,0
26/08/2016,3176,3176,0
27/08/2016,3168,3168,0
28/08/2016,3058,3058,0
29/08/2016,3155,3155,0
30/08/2016,3164,3164,0
31/08/2016,3094,3094,0
01/09/2016,3000,3000,0
02/09/2016,3020,3020,0
03/09/2016,3028,3028,0
04/09/2016,2981,2981,0
05/09/2016,3062,3062,0
06/09/2016,3238,3238,0
07/09/2016,3343,3343,0
08/09/2016,3463,3463,0
09/09/2016,3523,3523,0
10/09/2016,3466,3466,0
11/09/2016,3366,3366,0
12/09/2016,3482,3482,0
13/09/2016,3486,3486,0
14/09/2016,3416,3416,0
15/09/2016,3296,3296,0
16/09/2016,3268,3268,0
17/09/2016,3163,3163,0
18/09/2016,3076,3076,0
19/09/2016,3190,3190,0
20/09/2016,3249,3249,0
21/09/2016,3224,3224,0
22/09/2016,3146,3146,0
23/09/2016,3161,3161,0
24/09/2016,3071,3071,0
25/09/2016,2985,2985,0
26/09/2016,3133,3133,0
27/09/2016,3165,3165,0
28/09/2016,3175,3175,0
29/09/2016,3173,3173,0
30/09/2016,3184,3184,0
01/10/2016,3197,3197,0
02/10/2016,3236,3236,0
03/10/2016,3295,3295,0
04/10/2016,3229,3229,0
05/10/2016,3209,3209,0
06/10/2016,3247,3247,0
07/10/2016,3161,3161,0
08/10/2016,3026,3026,0
09/10/2016,3000,3000,0
10/10/2016,2915,2915,0
11/10/2016,3040,3040,0
12/10/2016,3148,3148,0
13/10/2016,3187,3187,0
14/10/2016,3225,3225,0
15/10/2016,3175,3175,0
16/10/2016,3220,3220,0
17/10/2016,3264,3264,0
18/10/2016,3334,3334,0
19/10/2016,3264,3264,0
20/10/2016,3322,3322,0
21/10/2016,3300,3300,0
22/10/2016,3214,3214,0
23/10/2016,3230,3230,0
24/10/2016,3305,3305,0
25/10/2016,3346,3346,0
26/10/2016,3320,3320,0
27/10/2016,3240,3240,0
28/10/2016,3194,3194,0
29/10/2016,3013,3013,0
30/10/2016,2950,2950,0
31/10/2016,2932,2932,0
01/11/2016,2971,2971,0
02/11/2016,3077,3077,0
03/11/2016,3133,3133,0
04/11/2016,3181,3181,0
05/11/2016,3185,3185,0
06/11/2016,3071,3071,0
07/11/2016,3144,3144,0
08/11/2016,3170,3170,0
09/11/2016,3181,3181,0
10/11/2016,3134,3134,0
11/11/2016,3158,3158,0
12/11/2016,3105,3105,0
13/11/2016,3021,3021,0
14/11/2016,3074,3074,0
15/11/2016,3130,3130,0
16/11/2016,3073,3073,0
17/11/2016,3046,3046,0
18/11/2016,3061,3061,0
19/11/2016,3078,3078,0
20/11/2016,2958,2958,0
21/11/2016,3054,3054,0
22/11/2016,3108,3108,0
23/11/2016,3100,3100,0
24/11/2016,3090,3090,0
25/11/2016,3049,3049,0
26/11/2016,3055,3055,0
27/11/2016,2990,2990,0
28/11/2016,3087,3087,0
29/11/2016,3135,3135,0
30/11/2016,3071,3071,0
01/12/2016,3038,3038,0
02/12/2016,2993,2993,0
03/12/2016,2964,2964,0
04/12/2016,2889,2889,0
05/12/2016,3038,3038,0
06/12/2016,3036,3036,0
07/12/2016,3064,3064,0
08/12/2016,3106,3106,0
09/12/2016,3116,3116,0
10/12/2016,3073,3073,0
11/12/2016,3044,3044,0
12/12/2016,2973,2973,0
13/12/2016,2879,2879,0
14/12/2016,2954,2954,0
15/12/2016,3005,3005,0
16/12/2016,3066,3066,0
17/12/2016,3069,3069,0
18/12/2016,3000,3000,0
19/12/2016,3082,3082,0
20/12/2016,3093,3093,0
21/12/2016,3135,3135,0
22/12/2016,3161,3161,0
23/12/2016,3176,3176,0
24/12/2016,3157,3157,0
25/12/2016,3009,3009,0
26/12/2016,3076,3076,0
27/12/2016,3107,3107,0
28/12/2016,3127,3127,0
29/12/2016,3124,3124,0
30/12/2016,3123,3123,0
31/12/2016,3110,3110,0
01/01/2017,3008,3008,0
02/01/2017,3095,3095,0
03/01/2017,3153,3153,0
04/01/2017,3202,3202,0
05/01/2017,3223,3223,0
06/01/2017,3200,3200,0
07/01/2017,3083,3083,0
08/01/2017,2993,2993,0
09/01/2017,3097,3097,0
10/01/2017,3136,3136,0
11/01/2017,3135,3135,0
12/01/2017,3141,3141,0
13/01/2017,3112,3112,0
14/01/2017,2931,2931,0
15/01/2017,2892,2892,0
16/01/2017,3030,3030,0
17/01/2017,3108,3108,0
18/01/2017,3085,3085,0
19/01/2017,3042,3042,0
20/01/2017,3070,3070,0
21/01/2017,3101,3101,0
22/01/2017,2999,2999,0
23/01/2017,3116,3116,0
24/01/2017,3160,3160,0
25/01/2017,3167,3167,0
26/01/2017,2888,2888,0
27/01/2017,2883,2883,0
28/01/2017,2986,2986,0
29/01/2017,2922,2922,0
30/01/2017,3064,3064,0
31/01/2017,3124,3124,0
01/02/2017,3135,3135,0
02/02/2017,3129,3129,0
03/02/2017,3127,3127,0
04/02/2017,3059,3059,0
05/02/2017,2971,2971,0
06/02/2017,3089,3089,0
07/02/2017,3089,3089,0
08/02/2017,3200,3200,0
09/02/2017,3173,3173,0
10/02/2017,3194,3194,0
11/02/2017,3147,3147,0
12/02/2017,3026,3026,0
13/02/2017,3057,3057,0
14/02/2017,3122,3122,0
15/02/2017,3167,3167,0
16/02/2017,3186,3186,0
17/02/2017,3146,3146,0
18/02/2017,3204,3204,0
19/02/2017,3129,3129,0
20/02/2017,3195,3195,0
21/02/2017,3181,3181,0
22/02/2017,3295,3295,0
23/02/2017,3303,3303,0
24/02/2017,3274,3274,0
25/02/2017,3272,3272,0
26/02/2017,3233,3233,0
27/02/2017,3282,3282,0
28/02/2017,3312,3312,0
01/03/2017,3305,3305,0
02/03/2017,3308,3308,0
03/03/2017,3345,3345,0
04/03/2017,3323,3323,0
05/03/2017,3237,3237,0
06/03/2017,3321,3321,0
07/03/2017,3323,3323,0
08/03/2017,3261,3261,0
09/03/2017,3235,3235,0
10/03/2017,3030,3030,0
11/03/2017,2982,2982,0
12/03/2017,2981,2981,0
13/03/2017,2850,2850,0
14/03/2017,3014,3014,0
15/03/2017,3112,3112,0
16/03/2017,3190,3190,0
17/03/2017,3236,3236,0
18/03/2017,3206,3206,0
19/03/2017,3129,3129,0
20/03/2017,3257,3257,0
21/03/2017,3331,3331,0
22/03/2017,3368,3368,0
23/03/2017,3399,3399,0
24/03/2017,3469,3469,0
25/03/2017,3454,3454,0
26/03/2017,3366,3366,0
27/03/2017,3485,3485,0
01/04/2017,3471,3471,0
02/04/2017,3341,3341,0
03/04/2017,3405,3405,0
04/04/2017,3418,3418,0
05/04/2017,3318,3318,0
06/04/2017,3341,3341,0
07/04/2017,3432,3432,0
08/04/2017,3420,3420,0
09/04/2017,3271,3271,0
10/04/2017,3329,3329,0
11/04/2017,3422,3422,0
12/04/2017,3497,3497,0
13/04/2017,3572,3572,0
14/04/2017,3533,3533,0
15/04/2017,3497,3497,0
16/04/2017,3342,3342,0
17/04/2017,3458,3458,0
18/04/2017,3569,3569,0
19/04/2017,3541,3541,0
20/04/2017,3473,3473,0
21/04/2017,3465,3465,0
22/04/2017,3357,3357,0
23/04/2017,3281,3281,0
24/04/2017,3351,3351,0
25/04/2017,3437,3437,0
26/04/2017,3492,3492,0
27/04/2017,3505,3505,0
28/04/2017,3551,3551,0
29/04/2017,3494,3494,0
30/04/2017,3367,3367,0
01/05/2017,3290,3290,0
02/05/2017,3464,3464,0
03/05/2017,3511,3511,0
04/05/2017,3574,3574,0
05/05/2017,3623,3623,0
06/05/2017,3599,3599,0
07/05/2017,3386,3386,0
08/05/2017,3554,3554,0
09/05/2017,3447,3447,0
10/05/2017,3502,3502,0
11/05/2017,3588,3588,0
12/05/2017,3657,3657,0
13/05/2017,3602,3602,0
14/05/2017,3421,3421,0
15/05/2017,3464,3464,0
16/05/2017,3500,3500,0
17/05/2017,3454,3454,0
18/05/2017,3473,3473,0
19/05/2017,3408,3408,0
20/05/2017,3412,3412,0
21/05/2017,3276,3276,0
22/05/2017,3382,3382,0
23/05/2017,3482,3482,0
24/05/2017,3517,3517,0
25/05/2017,3540,3540,0
26/05/2017,3432,3432,0
27/05/2017,3249,3249,0
28/05/2017,3138,3138,0
29/05/2017,3085,3085,0
30/05/2017,3210,3210,0
31/05/2017,3247,3247,0
01/06/2017,3374,3374,0
02/06/2017,3460,3460,0
03/06/2017,3421,3421,0
04/06/2017,3292,3292,0
05/06/2017,3382,3382,0
06/06/2017,3353,3353,0
07/06/2017,3205,3205,0
08/06/2017,3232,3232,0
09/06/2017,3212,3212,0
10/06/2017,3144,3144,0
11/06/2017,3014,3014,0
12/06/2017,3172,3172,0
13/06/2017,3264,3264,0
14/06/2017,3356,3356,0
15/06/2017,3349,3349,0
16/06/2017,3269,3269,0
17/06/2017,3312,3312,0
18/06/2017,3279,3279,0
19/06/2017,3247,3247,0
20/06/2017,3113,3113,0
21/06/2017,3103,3103,0
22/06/2017,3154,3154,0
23/06/2017,3215,3215,0
24/06/2017,3187,3187,0
25/06/2017,3128,3128,0
26/06/2017,3204,3204,0
27/06/2017,3220,3220,0
28/06/2017,3082,3082,0
29/06/2017,2931,2931,0
30/06/2017,2910,2910,0
01/07/2017,2869,2869,0
02/07/2017,2757,2757,0
03/07/2017,2912,2912,0
04/07/2017,2958,2958,0
05/07/2017,3004,3004,0
06/07/2017,3052,3052,0
07/07/2017,3191,3191,0
08/07/2017,3308,3308,0
09/07/2017,3251,3251,0
10/07/2017,3269,3269,0
11/07/2017,3172,3172,0
12/07/2017,3135,3135,0
13/07/2017,3115,3115,0
14/07/2017,3128,3128,0
15/07/2017,3145,3145,0
16/07/2017,3087,3087,0
17/07/2017,3168,3168,0
18/07/2017,3197,3197,0
19/07/2017,3212,3212,0
20/07/2017,3176,3176,0
21/07/2017,3199,3199,0
22/07/2017,3130,3130,0
23/07/2017,2945,2945,0
24/07/2017,2980,2980,0
25/07/2017,3063,3063,0
10/08/2017,3416,3416,0
11/08/2017,3349,3349,0
12/08/2017,3251,3251,0
13/08/2017,3216,3216,0
14/08/2017,3380,3380,0
15/08/2017,3272,3272,0
16/08/2017,3368,3368,0
01/09/2017,3118,3118,0
02/09/2017,3150,3150,0
03/09/2017,3097,3097,0
04/09/2017,3306,3306,0
05/09/2017,3341,3341,0
06/09/2017,3422,3422,0
07/09/2017,3472,3472,0
08/09/2017,3494,3494,0
09/09/2017,3531,3531,0
10/09/2017,3505,3505,0
11/09/2017,3586,3586,0
12/09/2017,3609,3609,0
13/09/2017,3623,3623,0
14/09/2017,3562,3562,0
15/09/2017,3562,3562,0
16/09/2017,3497,3497,0
17/09/2017,3270,3270,0
18/09/2017,3260,3260,0
19/09/2017,3285,3285,0
20/09/2017,3294,3294,0
21/09/2017,3376,3376,0
22/09/2017,1030,#VALUE!,0
23/09/2017,3299,3299,0
24/09/2017,3271,3271,0
25/09/2017,3393,3393,0
26/09/2017,3460,3460,0
27/09/2017,3465,3465,0
28/09/2017,3413,3413,0
29/09/2017,3316,3316,0
30/09/2017,3219,3219,0
03/10/2017,3377,3377,0
04/10/2017,3436,3436,0
05/10/2017,3482,3482,0
06/10/2017,3461,3461,0
07/10/2017,3463,3463,0
08/10/2017,3321,3321,0
09/10/2017,3375,3375,0
10/10/2017,3418,3418,0
11/10/2017,3423,3423,0
12/10/2017,3437,3437,0
13/10/2017,3423,3423,0
14/10/2017,3375,3375,0
15/10/2017,3351,3351,0
16/10/2017,3256,3256,0
17/10/2017,3368,3368,0
18/10/2017,3278,3278,0
19/10/2017,3090,3090,0
20/10/2017,2988,2988,0
21/10/2017,2999,2999,0
22/10/2017,2995,2995,0
23/10/2017,3197,3197,0
24/10/2017,3327,3327,0
25/10/2017,3349,3349,0
26/10/2017,3309,3309,0
27/10/2017,3307,3307,0
28/10/2017,3292,3292,0
29/10/2017,3191,3191,0
30/10/2017,3213,3213,0
31/10/2017,3229,3229,0
01/11/2017,3195,3195,0
02/11/2017,3208,3208,0
03/11/2017,3200,3200,0
04/11/2017,3140,3140,0
05/11/2017,3049,3049,0
06/11/2017,3169,3169,0
07/11/2017,3221,3221,0
08/11/2017,3244,3244,0
09/11/2017,3273,3273,0
10/11/2017,3236,3236,0
11/11/2017,3175,3175,0
12/11/2017,3053,3053,0
13/11/2017,3209,3209,0
14/11/2017,3209,3209,0
15/11/2017,3165,3165,0
16/11/2017,3150,3150,0
17/11/2017,3166,3166,0
18/11/2017,3142,3142,0
19/11/2017,3053,3053,0
20/11/2017,3109,3109,0
21/11/2017,3144,3144,0
22/11/2017,3164,3164,0
23/11/2017,3170,3170,0
24/11/2017,3213,3213,0
25/11/2017,3159,3159,0
26/11/2017,3044,3044,0
27/11/2017,3144,3144,0
28/11/2017,3183,3183,0
29/11/2017,3145,3145,0
30/11/2017,3074,3074,0
01/12/2017,3029,3029,0
02/12/2017,3034,3034,0
03/12/2017,2940,2940,0
04/12/2017,3025,3025,0
05/12/2017,2955,2955,0
06/12/2017,3000,3000,0
07/12/2017,3059,3059,0
08/12/2017,3112,3112,0
09/12/2017,3125,3125,0
10/12/2017,3038,3038,0
11/12/2017,3086,3086,0
12/12/2017,3094,3094,0
13/12/2017,3207,3207,0
14/12/2017,3148,3148,0
15/12/2017,3136,3136,0
16/12/2017,3036,3036,0
17/12/2017,2958,2958,0
18/12/2017,3091,3091,0
19/12/2017,3121,3121,0
20/12/2017,3173,3173,0
21/12/2017,3165,3165,0
22/12/2017,3191,3191,0
23/12/2017,3192,3192,0
24/12/2017,3112,3112,0
25/12/2017,3156,3156,0
26/12/2017,3231,3231,0
27/12/2017,3216,3216,0
28/12/2017,3214,3214,0
29/12/2017,3225,3225,0
30/12/2017,3212,3212,0
31/12/2017,3136,3136,0
01/01/2018,3138,3138,0
02/01/2018,3221,3221,0
03/01/2018,3267,3267,0
04/01/2018,3298,3298,0
05/01/2018,3323,3323,0
06/01/2018,3293,3293,0
07/01/2018,3179,3179,0
08/01/2018,3253,3253,0
09/01/2018,3271,3271,0
10/01/2018,3285,3285,0
11/01/2018,3316,3316,0
12/01/2018,3356,3356,0
13/01/2018,3352,3352,0
14/01/2018,3133,3133,0
15/01/2018,3167,3167,0
16/01/2018,3270,3270,0
17/01/2018,3331,3331,0
18/01/2018,3306,3306,0
19/01/2018,3308,3308,0
20/01/2018,3298,3298,0
21/01/2018,3195,3195,0
22/01/2018,3274,3274,0
23/01/2018,3264,3264,0
24/01/2018,3277,3277,0
25/01/2018,3313,3313,0
26/01/2018,3140,3140,0
27/01/2018,3225,3225,0
28/01/2018,3196,3196,0
29/01/2018,3271,3271,0
30/01/2018,3263,3263,0
31/01/2018,3270,3270,0
01/02/2018,3264,3264,0
02/02/2018,3284,3284,0
03/02/2018,3250,3250,0
04/02/2018,3120,3120,0
05/02/2018,3231,3231,0
06/02/2018,3313,3313,0
07/02/2018,3352,3352,0
08/02/2018,3330,3330,0
09/02/2018,3360,3360,0
10/02/2018,3334,3334,0
11/02/2018,3109,3109,0
12/02/2018,3106,3106,0
13/02/2018,3140,3140,0
14/02/2018,3111,3111,0
15/02/2018,3162,3162,0
16/02/2018,3274,3274,0
17/02/2018,3289,3289,0
18/02/2018,3184,3184,0
19/02/2018,3251,3251,0
20/02/2018,3330,3330,0
21/02/2018,3343,3343,0
22/02/2018,3375,3375,0
23/02/2018,3355,3355,0
24/02/2018,3292,3292,0
25/02/2018,3191,3191,0
26/02/2018,3328,3328,0
27/02/2018,3382,3382,0
28/02/2018,3442,3442,0
01/03/2018,3407,3407,0
02/03/2018,3100,3100,0
03/03/2018,3157,3157,0
04/03/2018,3242,3242,0
05/03/2018,3346,3346,0
06/03/2018,3383,3383,0
07/03/2018,3393,3393,0
08/03/2018,3411,3411,0
09/03/2018,3400,3400,0
10/03/2018,3389,3389,0
11/03/2018,3305,3305,0
12/03/2018,3392,3392,0
13/03/2018,3421,3421,0
14/03/2018,3416,3416,0
15/03/2018,3464,3464,0
16/03/2018,3417,3417,0
17/03/2018,3297,3297,0
18/03/2018,3232,3232,0
19/03/2018,3347,3347,0
20/03/2018,3397,3397,0
21/03/2018,3376,3376,0
22/03/2018,3419,3419,0
23/03/2018,3463,3463,0
24/03/2018,3477,3477,0
25/03/2018,3354,3354,0
26/03/2018,3495,3495,0
27/03/2018,3542,3542,0
28/03/2018,3568,3568,0
29/03/2018,3587,3587,0
30/03/2018,3489,3489,0
31/03/2018,3339,3339,0
01/04/2018,3216,3216,0
02/04/2018,3309,3309,0
03/04/2018,3479,3479,0
04/04/2018,3525,3525,0
05/04/2018,3499,3499,0
06/04/2018,3482,3482,0
07/04/2018,3357,3357,0
08/04/2018,3197,3197,0
09/04/2018,3315,3315,0
10/04/2018,3402,3402,0
11/04/2018,3366,3366,0
12/04/2018,3338,3338,0
13/04/2018,3420,3420,0
14/04/2018,3435,3435,0
15/04/2018,3309,3309,0
16/04/2018,3501,3501,0
17/04/2018,3531,3531,0
18/04/2018,3487,3487,0
19/04/2018,3520,3520,0
20/04/2018,3440,3440,0
21/04/2018,3543,3543,0
22/04/2018,3389,3389,0
23/04/2018,3551,3551,0
24/04/2018,3565,3565,0
25/04/2018,3565,3565,0
26/04/2018,3579,3579,0
27/04/2018,3623,3623,0
28/04/2018,3613,3613,0
29/04/2018,3397,3397,0
30/04/2018,3358,3358,0
01/05/2018,3255,3255,0
02/05/2018,3352,3352,0
03/05/2018,3260,3260,0
04/05/2018,3436,3436,0
05/05/2018,3570,3570,0
06/05/2018,3406,3406,0
07/05/2018,3518,3518,0
08/05/2018,3480,3480,0
09/05/2018,3521,3521,0
10/05/2018,3583,3583,0
11/05/2018,3570,3570,0
12/05/2018,3484,3484,0
13/05/2018,3347,3347,0
14/05/2018,3289,3289,0
15/05/2018,3531,3531,0
16/05/2018,3551,3551,0
17/05/2018,3600,3600,0
18/05/2018,3603,3603,0
19/05/2018,3600,3600,0
20/05/2018,3467,3467,0
21/05/2018,3641,3641,0
22/05/2018,3778,3778,0
23/05/2018,3792,3792,0
24/05/2018,3753,3753,0
25/05/2018,3711,3711,0
26/05/2018,3732,3732,0
27/05/2018,3659,3659,0
28/05/2018,3725,3725,0
29/05/2018,3627,3627,0
30/05/2018,3685,3685,0
31/05/2018,3745,3745,0
01/06/2018,3621,3621,0
02/06/2018,3529,3529,0
03/06/2018,3386,3386,0
04/06/2018,3594,3594,0
05/06/2018,3628,3628,0
06/06/2018,3531,3531,0
07/06/2018,3459,3459,0
08/06/2018,3275,3275,0
09/06/2018,3000,3000,0
10/06/2018,2960,2960,0
11/06/2018,3240,3240,0
12/06/2018,3269,3269,0
13/06/2018,3216,3216,0
14/06/2018,3243,3243,0
15/06/2018,3435,3435,0
16/06/2018,3397,3397,0
17/06/2018,3147,3147,0
18/06/2018,3372,3372,0
19/06/2018,3495,3495,0
20/06/2018,3630,3630,0
21/06/2018,3697,3697,0
22/06/2018,3719,3719,0
23/06/2018,3679,3679,0
24/06/2018,3471,3471,0
25/06/2018,3551,3551,0
26/06/2018,3434,3434,0
27/06/2018,3350,3350,0
28/06/2018,3222,3222,0
29/06/2018,3319,3319,0
30/06/2018,3458,3458,0
01/07/2018,3360,3360,0
02/07/2018,3332,3332,0
03/07/2018,3223,3223,0
04/07/2018,3179,3179,0
05/07/2018,3339,3339,0
06/07/2018,3432,3432,0
07/07/2018,3488,3488,0
08/07/2018,3487,3487,0
09/07/2018,3480,3480,0
10/07/2018,3495,3495,0
11/07/2018,3383,3383,0
12/07/2018,3364,3364,0
13/07/2018,3264,3264,0
14/07/2018,3231,3231,0
15/07/2018,3163,3163,0
16/07/2018,3225,3225,0
17/07/2018,3251,3251,0
18/07/2018,3350,3350,0
19/07/2018,3393,3393,0
20/07/2018,3350,3350,0
21/07/2018,3173,3173,0
22/07/2018,2968,2968,0
23/07/2018,3153,3153,0
24/07/2018,3289,3289,0
25/07/2018,3207,3207,0
26/07/2018,3003,3003,0
27/07/2018,3044,3044,0
28/07/2018,3105,3105,0
29/07/2018,3117,3117,0
30/07/2018,3324,3324,0
31/07/2018,3322,3322,0
01/08/2018,3324,3324,0
02/08/2018,3387,3387,0
03/08/2018,3450,3450,0
04/08/2018,3472,3472,0
05/08/2018,3355,3355,0
06/08/2018,3372,3372,0
07/08/2018,3421,3421,0
08/08/2018,3481,3481,0
09/08/2018,3511,3511,0
10/08/2018,3567,3567,0
11/08/2018,3422,3422,0
12/08/2018,3206,3206,0
13/08/2018,3328,3328,0
14/08/2018,3472,3472,0
15/08/2018,3246,3246,0
16/08/2018,3287,3287,0
17/08/2018,3344,3344,0
18/08/2018,3373,3373,0
19/08/2018,3237,3237,0
20/08/2018,3297,3297,0
21/08/2018,3347,3347,0
22/08/2018,3393,3393,0
23/08/2018,3345,3345,0
24/08/2018,3356,3356,0
25/08/2018,3347,3347,0
26/08/2018,3167,3167,0
27/08/2018,3379,3379,0
28/08/2018,3456,3456,0
29/08/2018,3462,3462,0
30/08/2018,3455,3455,0
31/08/2018,3468,3468,0
01/09/2018,3419,3419,0
02/09/2018,3226,3226,0
03/09/2018,3282,3282,0
04/09/2018,3361,3361,0
05/09/2018,3378,3378,0
06/09/2018,3377,3377,0
07/09/2018,3414,3414,0
08/09/2018,3455,3455,0
09/09/2018,3507,3507,0
10/09/2018,3652,3652,0
11/09/2018,3715,3715,0
12/09/2018,3684,3684,0
13/09/2018,3638,3638,0
14/09/2018,3785,3785,0
15/09/2018,3830,3830,0
16/09/2018,3766,3766,0
17/09/2018,3762,3762,0
18/09/2018,3763,3763,0
19/09/2018,3795,3795,0
20/09/2018,3781,3781,0
21/09/2018,3589,3589,0
22/09/2018,3350,3350,0
23/09/2018,3291,3291,0
24/09/2018,3465,3465,0
25/09/2018,3539,3539,0
26/09/2018,3609,3609,0
27/09/2018,3649,3649,0
28/09/2018,3702,3702,0
29/09/2018,3712,3712,0
30/09/2018,3629,3629,0
01/10/2018,3702,3702,0
02/10/2018,3650,3650,0
03/10/2018,3792,3792,0
04/10/2018,3799,3799,0
05/10/2018,3766,3766,0
06/10/2018,3739,3739,0
07/10/2018,3673,3673,0
08/10/2018,3799,3799,0
09/10/2018,3785,3785,0
10/10/2018,3812,3812,0
11/10/2018,3698,3698,0
12/10/2018,3691,3691,0
13/10/2018,3673,3673,0
14/10/2018,3593,3593,0
15/10/2018,3684,3684,0
16/10/2018,3693,3693,0
17/10/2018,3650,3650,0
18/10/2018,3511,3511,0
19/10/2018,3479,3479,0
20/10/2018,3542,3542,0
21/10/2018,3513,3513,0
22/10/2018,3581,3581,0
23/10/2018,3655,3655,0
24/10/2018,3653,3653,0
25/10/2018,3641,3641,0
26/10/2018,3572,3572,0
27/10/2018,3550,3550,0
28/10/2018,3413,3413,0
29/10/2018,3511,3511,0
30/10/2018,3560,3560,0
31/10/2018,3575,3575,0
01/11/2018,3566,3566,0
02/11/2018,3568,3568,0
03/11/2018,3509,3509,0
04/11/2018,3364,3364,0
05/11/2018,3483,3483,0
06/11/2018,3420,3420,0
07/11/2018,3170,3170,0
08/11/2018,3047,3047,0
09/11/2018,3174,3174,0
10/11/2018,3264,3264,0
11/11/2018,3249,3249,0
12/11/2018,3363,3363,0
13/11/2018,3402,3402,0
14/11/2018,3392,3392,0
15/11/2018,3351,3351,0
16/11/2018,3271,3271,0
17/11/2018,3326,3326,0
18/11/2018,3261,3261,0
19/11/2018,3345,3345,0
20/11/2018,3334,3334,0
21/11/2018,3328,3328,0
22/11/2018,3280,3280,0
23/11/2018,3256,3256,0
24/11/2018,3300,3300,0
25/11/2018,3212,3212,0
26/11/2018,3280,3280,0
27/11/2018,3299,3299,0
28/11/2018,3270,3270,0
29/11/2018,3292,3292,0
30/11/2018,3293,3293,0
01/12/2018,3243,3243,0
02/12/2018,3131,3131,0
03/12/2018,3222,3222,0
04/12/2018,3252,3252,0
05/12/2018,3310,3310,0
06/12/2018,3331,3331,0
07/12/2018,3283,3283,0
08/12/2018,3268,3268,0
09/12/2018,3187,3187,0
10/12/2018,3291,3291,0
11/12/2018,3304,3304,0
12/12/2018,3274,3274,0
13/12/2018,3245,3245,0
14/12/2018,3174,3174,0
15/12/2018,3120,3120,0
16/12/2018,3033,3033,0
17/12/2018,3113,3113,0
18/12/2018,3155,3155,0
19/12/2018,3219,3219,0
20/12/2018,3273,3273,0
21/12/2018,3326,3326,0
22/12/2018,3303,3303,0
23/12/2018,3170,3170,0
24/12/2018,3222,3222,0
25/12/2018,3256,3256,0
26/12/2018,3334,3334,0
27/12/2018,3352,3352,0
28/12/2018,3338,3338,0
29/12/2018,3264,3264,0
30/12/2018,3145,3145,0
31/12/2018,3237,3237,0
01/01/2019,3217,3217,0
02/01/2019,3252,3252,0
03/01/2019,3292,3292,0
04/01/2019,3329,3329,0
05/01/2019,3282,3282,0
06/01/2019,3131,3131,0
07/01/2019,3201,3201,0
08/01/2019,3301,3301,0
09/01/2019,3289,3289,0
10/01/2019,3321,3321,0
11/01/2019,3355,3355,0
12/01/2019,3342,3342,0
13/01/2019,3195,3195,0
14/01/2019,3117,3117,0
15/01/2019,3178,3178,0
16/01/2019,3252,3252,0
17/01/2019,3290,3290,0
18/01/2019,3337,3337,0
19/01/2019,3324,3324,0
20/01/2019,3190,3190,0
21/01/2019,3193,3193,0
22/01/2019,3170,3170,0
23/01/2019,3303,3303,0
24/01/2019,3254,3254,0
25/01/2019,3226,3226,0
26/01/2019,3016,3016,0
27/01/2019,3000,3000,0
28/01/2019,3151,3151,0
29/01/2019,3208,3208,0
30/01/2019,3261,3261,0
31/01/2019,3270,3270,0
01/02/2019,3199,3199,0
02/02/2019,3198,3198,0
03/02/2019,3095,3095,0
04/02/2019,3194,3194,0
05/02/2019,3320,3320,0
06/02/2019,3303,3303,0
07/02/2019,3152,3152,0
08/02/2019,3239,3239,0
09/02/2019,3210,3210,0
10/02/2019,3120,3120,0
11/02/2019,3170,3170,0
12/02/2019,3207,3207,0
13/02/2019,3269,3269,0
14/02/2019,3278,3278,0
15/02/2019,3260,3260,0
16/02/2019,3214,3214,0
17/02/2019,3161,3161,0
18/02/2019,3254,3254,0
19/02/2019,3352,3352,0
20/02/2019,3341,3341,0
21/02/2019,3349,3349,0
22/02/2019,3363,3363,0
23/02/2019,3336,3336,0
24/02/2019,3249,3249,0
25/02/2019,3322,3322,0
26/02/2019,3324,3324,0
27/02/2019,3306,3306,0
28/02/2019,3343,3343,0
01/03/2019,3391,3391,0
02/03/2019,3299,3299,0
03/03/2019,3196,3196,0
04/03/2019,3292,3292,0
05/03/2019,3355,3355,0
06/03/2019,3391,3391,0
07/03/2019,3444,3444,0
08/03/2019,3427,3427,0
09/03/2019,3415,3415,0
10/03/2019,3371,3371,0
11/03/2019,3474,3474,0
12/03/2019,3514,3514,0
13/03/2019,3510,3510,0
14/03/2019,3474,3474,0
15/03/2019,3420,3420,0
16/03/2019,3413,3413,0
17/03/2019,3321,3321,0
18/03/2019,3451,3451,0
19/03/2019,3523,3523,0
20/03/2019,3479,3479,0
21/03/2019,3147,3147,0
22/03/2019,3294,3294,0
23/03/2019,3426,3426,0
24/03/2019,3405,3405,0
25/03/2019,3504,3504,0
26/03/2019,3523,3523,0
27/03/2019,3600,3600,0
28/03/2019,3634,3634,0
29/03/2019,3677,3677,0
30/03/2019,3675,3675,0
31/03/2019,3433,3433,0
01/04/2019,3534,3534,0
02/04/2019,3666,3666,0
03/04/2019,3736,3736,0
04/04/2019,3757,3757,0
05/04/2019,3673,3673,0
06/04/2019,3596,3596,0
07/04/2019,3341,3341,0
08/04/2019,3515,3515,0
09/04/2019,3566,3566,0
10/04/2019,3675,3675,0
11/04/2019,3721,3721,0
12/04/2019,3747,3747,0
13/04/2019,3704,3704,0
14/04/2019,3588,3588,0
15/04/2019,3649,3649,0
16/04/2019,3463,3463,0
17/04/2019,3305,3305,0
18/04/2019,3352,3352,0
19/04/2019,3410,3410,0
20/04/2019,3485,3485,0
21/04/2019,3382,3382,0
22/04/2019,3544,3544,0
23/04/2019,3603,3603,0
24/04/2019,3729,3729,0
25/04/2019,3868,3868,0
26/04/2019,3903,3903,0
27/04/2019,3858,3858,0
28/04/2019,3723,3723,0
29/04/2019,3825,3825,0
30/04/2019,3710,3710,0
01/05/2019,3501,3501,0
02/05/2019,3531,3531,0
03/05/2019,3426,3426,0
04/05/2019,3471,3471,0
05/05/2019,3531,3531,0
06/05/2019,3701,3701,0
07/05/2019,3673,3673,0
08/05/2019,3675,3675,0
09/05/2019,3763,3763,0
10/05/2019,3854,3854,0
11/05/2019,3827,3827,0
12/05/2019,3708,3708,0
13/05/2019,3700,3700,0
14/05/2019,3643,3643,0
15/05/2019,3723,3723,0
16/05/2019,3772,3772,0
17/05/2019,3735,3735,0
18/05/2019,3684,3684,0
19/05/2019,3679,3679,0
20/05/2019,3893,3893,0
21/05/2019,3961,3961,0
22/05/2019,3970,3970,0
23/05/2019,3953,3953,0
24/05/2019,3796,3796,0
25/05/2019,3776,3776,0
26/05/2019,3643,3643,0
27/05/2019,3872,3872,0
28/05/2019,3951,3951,0
29/05/2019,3962,3962,0
30/05/2019,3993,3993,0
31/05/2019,3972,3972,0
01/06/2019,3933,3933,0
02/06/2019,3743,3743,0
03/06/2019,3656,3656,0
04/06/2019,3787,3787,0
05/06/2019,3938,3938,0
06/06/2019,3882,3882,0
07/06/2019,3837,3837,0
08/06/2019,3894,3894,0
09/06/2019,3822,3822,0
10/06/2019,3903,3903,0
11/06/2019,3908,3908,0
12/06/2019,4161,3738,423
13/06/2019,4100,3632,468
14/06/2019,4291,3826,466
15/06/2019,4238,3700,538
16/06/2019,3966,3498,468
17/06/2019,4138,3547,591
18/06/2019,4051,3542,509
19/06/2019,4146,3644,501
20/06/2019,4177,3712,464
21/06/2019,4210,3812,397
22/06/2019,4142,3777,365
23/06/2019,3992,3654,338
24/06/2019,4107,3794,312
25/06/2019,4217,3863,354
26/06/2019,4227,3823,404
27/06/2019,4217,3719,498
28/06/2019,4195,3658,538
29/06/2019,4193,3672,521
30/06/2019,4021,3529,492
01/07/2019,4111,3645,467
02/07/2019,4101,3652,450
03/07/2019,4113,3634,480
04/07/2019,4092,3575,518
05/07/2019,4020,3484,536
06/07/2019,3883,3350,533
07/07/2019,3741,3210,531
08/07/2019,3928,3361,566
09/07/2019,3897,3316,581
10/07/2019,3891,3314,577
11/07/2019,3877,3293,584
12/07/2019,3973,3471,502
13/07/2019,3982,3461,521
14/07/2019,3817,3261,556
15/07/2019,3922,3338,584
16/07/2019,3904,3373,531
17/07/2019,3984,3544,440
18/07/2019,4047,3646,400
19/07/2019,4072,3726,346
20/07/2019,4033,3708,325
21/07/2019,3924,3592,332
22/07/2019,4095,3752,343
23/07/2019,4196,3843,353
24/07/2019,4180,3723,457
25/07/2019,3953,3452,501
26/07/2019,3829,3334,495
27/07/2019,3725,3192,533
28/07/2019,3570,3077,493
29/07/2019,3729,3228,501
30/07/2019,3809,3347,463
31/07/2019,3853,3343,510
01/08/2019,3875,3346,528
02/08/2019,3793,3296,497
03/08/2019,3731,3257,474
04/08/2019,3649,3171,478
05/08/2019,3835,3305,530
06/08/2019,3759,3239,520
07/08/2019,3646,3143,503
08/08/2019,3665,3212,453
09/08/2019,3652,3143,509
10/08/2019,3718,3164,554
11/08/2019,3746,3260,487
12/08/2019,3917,3489,428
13/08/2019,3867,3453,414
14/08/2019,3805,3384,420
15/08/2019,3476,3082,394
16/08/2019,3642,3208,435
17/08/2019,3551,3210,342
18/08/2019,3415,3116,300
19/08/2019,3638,3338,300
20/08/2019,3806,3484,322
21/08/2019,3900,3467,432
22/08/2019,3893,3484,409
23/08/2019,3932,3510,422
24/08/2019,3840,3394,445
25/08/2019,3682,3267,416
26/08/2019,3853,3447,406
27/08/2019,3980,3604,375
28/08/2019,4064,3742,321
29/08/2019,4111,3788,323
30/08/2019,4100,3735,364
31/08/2019,4045,3699,346
01/09/2019,3769,3460,310
02/09/2019,3774,3461,313
03/09/2019,3871,3532,340
04/09/2019,3878,3524,355
05/09/2019,3879,3489,390
06/09/2019,3918,3512,405
07/09/2019,3897,3501,396
08/09/2019,3748,3370,378
09/09/2019,3927,3522,406
10/09/2019,4031,3652,379
11/09/2019,4027,3663,364
12/09/2019,3953,3561,392
13/09/2019,3889,3514,375
14/09/2019,3887,3537,350
15/09/2019,3782,3446,336
16/09/2019,3888,3536,352
17/09/2019,3852,3557,295
18/09/2019,3764,3514,250
19/09/2019,3767,3525,242
20/09/2019,3828,3572,256
21/09/2019,3817,3583,234
22/09/2019,3573,3370,203
23/09/2019,3702,3511,191
24/09/2019,3661,3496,166
25/09/2019,3589,3398,191
26/09/2019,3483,3286,196
27/09/2019,3426,3223,203
28/09/2019,3324,3095,229
29/09/2019,3053,2865,188
30/09/2019,3231,3010,220
01/10/2019,3358,3113,245
02/10/2019,3289,3083,206
03/10/2019,3458,3257,201
04/10/2019,3479,3287,192
05/10/2019,3491,3317,174
06/10/2019,3372,3198,174
07/10/2019,3371,3203,169
08/10/2019,3209,3035,173
09/10/2019,3370,3200,170
10/10/2019,3517,3355,162
11/10/2019,3544,3391,153
12/10/2019,3549,3388,161
13/10/2019,3448,3276,172
14/10/2019,3599,3412,187
15/10/2019,3631,3444,187
16/10/2019,3640,3456,184
17/10/2019,3643,3459,184
18/10/2019,3574,3389,185
19/10/2019,3501,3289,213
20/10/2019,3323,3136,187
21/10/2019,3332,3152,180
22/10/2019,3364,3193,171
23/10/2019,3367,3154,214
24/10/2019,3296,3061,235
25/10/2019,3247,2992,255
26/10/2019,3121,2849,271
27/10/2019,2907,2718,189
28/10/2019,2828,2657,171
29/10/2019,2907,2730,177
30/10/2019,3023,2829,194
31/10/2019,3110,2908,203
01/11/2019,3168,2972,196
02/11/2019,3188,3024,163
03/11/2019,3077,2935,143
04/11/2019,3250,3091,159
05/11/2019,3326,3161,166
06/11/2019,3364,3198,166
07/11/2019,3264,3075,189
08/11/2019,3231,2981,250
09/11/2019,3216,2975,242
10/11/2019,3119,2913,206
11/11/2019,3285,3091,194
12/11/2019,3346,3138,208
13/11/2019,3379,3159,221
14/11/2019,3370,3162,209
15/11/2019,3361,3165,196
16/11/2019,3356,3138,218
17/11/2019,3237,2979,258
18/11/2019,3392,3163,229
19/11/2019,3433,3250,183
20/11/2019,3459,3244,215
21/11/2019,3445,3204,241
22/11/2019,3453,3221,232
23/11/2019,3398,3132,266
24/11/2019,3280,3028,252
25/11/2019,3413,3148,265
26/11/2019,3440,3151,289
27/11/2019,3424,3114,311
28/11/2019,3367,3076,290
29/11/2019,3399,3111,289
30/11/2019,3367,3086,281
01/12/2019,3201,2976,225
02/12/2019,3273,3030,242
03/12/2019,3305,3032,273
04/12/2019,3330,3042,288
05/12/2019,3368,3095,273
06/12/2019,3402,3120,282
07/12/2019,3350,3061,289
08/12/2019,3233,2973,260
09/12/2019,3424,3166,258
10/12/2019,3467,3244,223
11/12/2019,3523,3322,201
12/12/2019,3465,3244,221
13/12/2019,3284,3055,229
14/12/2019,3334,3102,232
15/12/2019,3222,2931,292
16/12/2019,3333,3014,319
17/12/2019,3399,3063,335
18/12/2019,3458,3176,281
19/12/2019,3505,3242,263
20/12/2019,3566,3354,212
21/12/2019,3489,3259,230
22/12/2019,3435,3111,324
23/12/2019,3564,3279,286
24/12/2019,3618,3345,273
25/12/2019,3581,3312,268
26/12/2019,3592,3369,223
27/12/2019,3623,3353,270
28/12/2019,3591,3288,303
29/12/2019,3498,3208,290
30/12/2019,3601,3323,278
31/12/2019,3643,3392,251
01/01/2020,3540,3264,275
02/01/2020,3561,3320,241
03/01/2020,3561,3339,222
04/01/2020,3553,3339,214
05/01/2020,3421,3176,245
06/01/2020,3548,3276,272
07/01/2020,3573,3334,239
08/01/2020,3542,3298,244
09/01/2020,3537,3263,274
10/01/2020,3588,3237,350
11/01/2020,3601,3295,307
12/01/2020,3524,3265,259
13/01/2020,3592,3361,231
14/01/2020,3544,3317,228
15/01/2020,3460,3177,282
16/01/2020,3403,3132,271
17/01/2020,3502,3265,237
18/01/2020,3549,3296,253
19/01/2020,3441,3153,288
20/01/2020,3586,3318,267
21/01/2020,3651,3362,289
22/01/2020,3642,3253,389
23/01/2020,3644,3284,360
24/01/2020,3692,3394,298
25/01/2020,3702,3464,238
26/01/2020,3490,3260,230
27/01/2020,3629,3363,266
28/01/2020,3700,3427,273
29/01/2020,3689,3460,228
30/01/2020,3699,3452,248
31/01/2020,3769,3461,308
01/02/2020,3665,3378,287
02/02/2020,3570,3241,329
03/02/2020,3687,3407,280
04/02/2020,3746,3485,261
05/02/2020,3765,3494,272
06/02/2020,3793,3503,290
07/02/2020,3772,3506,266
08/02/2020,3710,3432,278
09/02/2020,3549,3271,277
10/02/2020,3661,3370,291
11/02/2020,3774,3444,330
12/02/2020,3798,3476,322
13/02/2020,3825,3554,271
14/02/2020,3826,3572,254
15/02/2020,3811,3585,226
16/02/2020,3712,3434,278
17/02/2020,3841,3534,307
18/02/2020,3904,3636,268
19/02/2020,3941,3665,277
20/02/2020,3884,3547,338
21/02/2020,3758,3427,331
22/02/2020,3778,3433,345
23/02/2020,3675,3357,318
24/02/2020,3792,3517,275
25/02/2020,3821,3577,244
26/02/2020,3816,3560,256
27/02/2020,3775,3509,266
28/02/2020,3803,3511,293
29/02/2020,3751,3471,280
01/03/2020,3526,3246,280
02/03/2020,3685,3446,239
03/03/2020,3694,3452,242
04/03/2020,3733,3434,299
05/03/2020,3673,3370,303
06/03/2020,3571,3277,294
07/03/2020,3556,3338,218
08/03/2020,3494,3255,239
09/03/2020,3504,3234,270
10/03/2020,3223,2905,318
11/03/2020,3343,3032,311
12/03/2020,3509,3211,298
13/03/2020,3561,3296,265
14/03/2020,3540,3254,287
15/03/2020,3425,3108,317
16/03/2020,3621,3300,321
17/03/2020,3718,3417,301
18/03/2020,3736,3469,267
19/03/2020,251,#VALUE!,251
20/03/2020,300,#VALUE!,300
21/03/2020,280,#VALUE!,280
22/03/2020,241,#VALUE!,241
23/03/2020,241,#VALUE!,241
24/03/2020,249,#VALUE!,249
25/03/2020,255,#VALUE!,255
26/03/2020,286,#VALUE!,286
27/03/2020,268,#VALUE!,268
28/03/2020,275,#VALUE!,275
29/03/2020,278,#VALUE!,278
30/03/2020,295,#VALUE!,295
31/03/2020,309,#VALUE!,309
01/04/2020,309,#VALUE!,309
02/04/2020,302,#VALUE!,302
03/04/2020,313,#VALUE!,313
04/04/2020,281,#VALUE!,281
05/04/2020,300,#VALUE!,300
06/04/2020,284,#VALUE!,284
07/04/2020,312,#VALUE!,312
08/04/2020,305,#VALUE!,305
09/04/2020,289,#VALUE!,289
10/04/2020,280,#VALUE!,280
11/04/2020,285,#VALUE!,285
12/04/2020,296,#VALUE!,296
13/04/2020,327,#VALUE!,327
14/04/2020,329,#VALUE!,329
15/04/2020,304,#VALUE!,304
16/04/2020,304,#VALUE!,304
17/04/2020,310,#VALUE!,310
18/04/2020,312,#VALUE!,312
19/04/2020,308,#VALUE!,308
20/04/2020,319,#VALUE!,319
21/04/2020,284,#VALUE!,284
22/04/2020,303,#VALUE!,303
23/04/2020,337,#VALUE!,337
24/04/2020,364,#VALUE!,364
25/04/2020,400,#VALUE!,400
26/04/2020,310,#VALUE!,310
27/04/2020,332,#VALUE!,332
28/04/2020,290,#VALUE!,290
29/04/2020,277,#VALUE!,277
30/04/2020,304,#VALUE!,304
01/05/2020,355,#VALUE!,355
02/05/2020,371,#VALUE!,371
03/05/2020,358,#VALUE!,358
04/05/2020,341,#VALUE!,341
05/05/2020,309,#VALUE!,309
06/05/2020,329,#VALUE!,329
07/05/2020,317,#VALUE!,317
08/05/2020,312,#VALUE!,312
09/05/2020,316,#VALUE!,316
10/05/2020,315,#VALUE!,315
11/05/2020,311,#VALUE!,311
12/05/2020,291,#VALUE!,291
13/05/2020,309,#VALUE!,309
14/05/2020,293,#VALUE!,293
15/05/2020,321,#VALUE!,321
16/05/2020,328,#VALUE!,328
17/05/2020,364,#VALUE!,364
18/05/2020,401,#VALUE!,401
19/05/2020,464,#VALUE!,464
20/05/2020,498,#VALUE!,498
21/05/2020,494,#VALUE!,494
22/05/2020,510,#VALUE!,510
23/05/2020,462,#VALUE!,462
24/05/2020,460,#VALUE!,460
25/05/2020,455,#VALUE!,455
26/05/2020,496,#VALUE!,496
27/05/2020,536,#VALUE!,536
28/05/2020,559,#VALUE!,559
29/05/2020,512,#VALUE!,512
30/05/2020,389,#VALUE!,389
31/05/2020,323,#VALUE!,323
01/06/2020,3397,3092,305
02/06/2020,3399,3053,346
03/06/2020,3319,2981,338
04/06/2020,3304,2937,367
05/06/2020,3281,2879,403
06/06/2020,3361,2925,436
07/06/2020,3343,2901,442
08/06/2020,3552,3106,446
09/06/2020,3728,3285,443
10/06/2020,3827,3376,451
11/06/2020,3735,3316,419
12/06/2020,3729,3317,412
13/06/2020,3697,3293,405
14/06/2020,3652,3222,430
15/06/2020,3812,3338,474
16/06/2020,3837,3360,478
17/06/2020,3858,3355,503
18/06/2020,3876,3358,518
19/06/2020,3881,3335,546
20/06/2020,3852,3310,541
21/06/2020,3688,3209,478
22/06/2020,3770,3320,450
23/06/2020,3881,3462,419
24/06/2020,3869,3538,331
25/06/2020,3869,3526,343
26/06/2020,3843,3474,369
27/06/2020,3883,3470,413
28/06/2020,3795,3377,418
29/06/2020,3858,3498,359
30/06/2020,3897,3569,328
01/07/2020,4013,3600,413
02/07/2020,4059,3584,475
03/07/2020,4055,3558,497
04/07/2020,3882,3416,466
05/07/2020,3462,3061,401
06/07/2020,3469,3000,469
07/07/2020,3732,3261,471
08/07/2020,3747,3337,410
09/07/2020,3774,3426,348
10/07/2020,3783,3373,410
11/07/2020,3680,3242,437
12/07/2020,3504,3033,471
13/07/2020,3746,3386,360
14/07/2020,3877,3560,317
15/07/2020,3888,3549,339
16/07/2020,3865,3494,371
17/07/2020,3941,3546,394
18/07/2020,3965,3650,315
19/07/2020,3801,3457,343
20/07/2020,3749,3366,383
21/07/2020,3601,3250,351
22/07/2020,3688,3406,282
23/07/2020,3758,3468,290
24/07/2020,3796,3510,286
25/07/2020,3786,3512,273
26/07/2020,3771,3441,330
27/07/2020,4031,3616,415
28/07/2020,4069,3663,406
29/07/2020,3961,3577,384
30/07/2020,3872,3537,334
31/07/2020,3924,3587,338
01/08/2020,3874,3518,355
02/08/2020,3799,3393,406
03/08/2020,3833,3338,495
04/08/2020,3871,3370,501
05/08/2020,3794,3357,436
06/08/2020,3748,3259,489
07/08/2020,3917,3405,513
08/08/2020,3997,3470,528
09/08/2020,3836,3392,443
10/08/2020,3835,3408,427
11/08/2020,3857,3348,509
12/08/2020,3777,3175,602
13/08/2020,3677,3112,565
14/08/2020,3654,3168,486
15/08/2020,3536,3075,461
16/08/2020,3466,3059,407
17/08/2020,3765,3315,450
18/08/2020,3773,3300,472
19/08/2020,3630,3159,470
20/08/2020,3485,3083,402
21/08/2020,3485,3119,366
22/08/2020,3483,3099,385
23/08/2020,3458,3001,456
24/08/2020,3645,3208,437
25/08/2020,3786,3348,438
26/08/2020,3836,3441,395
27/08/2020,3949,3572,377
28/08/2020,3762,3384,379
29/08/2020,3717,3328,390
30/08/2020,3600,3167,433
31/08/2020,3725,3345,380
01/09/2020,3790,3490,300
02/09/2020,3799,3590,209
03/09/2020,3846,3636,210
04/09/2020,3916,3699,217
05/09/2020,3939,3712,228
06/09/2020,3795,3502,293
07/09/2020,3901,3560,342
08/09/2020,4010,3703,307
09/09/2020,4098,3816,282
10/09/2020,4095,3804,290
11/09/2020,4082,3770,312
12/09/2020,4044,3721,323
13/09/2020,3878,3577,301
14/09/2020,3960,3635,325
15/09/2020,4010,3657,353
16/09/2020,4041,3700,341
17/09/2020,4004,3637,367
18/09/2020,4041,3636,406
19/09/2020,4032,3705,327
20/09/2020,3902,3577,326
21/09/2020,3912,3533,379
22/09/2020,3914,3504,409
23/09/2020,3873,3446,427
24/09/2020,3871,3526,345
25/09/2020,3895,3535,360
26/09/2020,3794,3461,333
27/09/2020,3668,3361,307
28/09/2020,3856,3555,301
29/09/2020,3901,3603,299
30/09/2020,3861,3561,300
01/10/2020,3846,3509,338
02/10/2020,3780,3433,347
03/10/2020,3863,3485,378
04/10/2020,3751,3369,383
05/10/2020,3845,3503,342
06/10/2020,3864,3562,302
07/10/2020,3936,3651,285
08/10/2020,3923,3686,237
09/10/2020,3942,3696,245
10/10/2020,3869,3604,265
11/10/2020,3684,3419,265
12/10/2020,3743,3468,275
13/10/2020,3821,3520,301
14/10/2020,3799,3373,426
15/10/2020,3819,3400,419
16/10/2020,3843,3448,395
17/10/2020,3817,3516,300
18/10/2020,3628,3398,230
19/10/2020,3713,3474,239
20/10/2020,3727,3485,242
21/10/2020,3675,3420,255
22/10/2020,3636,3356,280
23/10/2020,3594,3315,280
24/10/2020,3526,3256,270
25/10/2020,3342,3109,233
26/10/2020,3435,3204,230
27/10/2020,3553,3322,231
28/10/2020,3564,3335,229
29/10/2020,3614,3410,204
30/10/2020,3631,3405,226
31/10/2020,3631,3408,223
01/11/2020,3512,3279,233
02/11/2020,3624,3378,246
03/11/2020,3659,3388,271
04/11/2020,3611,3371,240
05/11/2020,3572,3330,242
06/11/2020,3589,3353,235
07/11/2020,3572,3317,255
08/11/2020,3442,3191,251
09/11/2020,3551,3299,252
10/11/2020,3565,3290,275
11/11/2020,3548,3259,289
12/11/2020,3577,3318,259
13/11/2020,3502,3249,253
14/11/2020,3178,2895,283
15/11/2020,3012,2775,237
16/11/2020,3043,2754,290
17/11/2020,3245,2920,325
18/11/2020,3365,3069,296
19/11/2020,3409,3093,315
20/11/2020,3429,3143,286
21/11/2020,3411,3113,298
22/11/2020,3318,3066,252
23/11/2020,3432,3211,221
24/11/2020,3495,3263,231
25/11/2020,3462,3175,287
26/11/2020,3354,3002,353
27/11/2020,3385,3005,380
28/11/2020,3414,3087,326
29/11/2020,3328,3058,269
30/11/2020,3445,3188,257
01/12/2020,3505,3222,283
02/12/2020,3538,3300,238
03/12/2020,3540,3330,210
04/12/2020,3548,3323,225
05/12/2020,3543,3313,230
06/12/2020,3417,3154,263
07/12/2020,3512,3274,239
08/12/2020,3547,3301,246
09/12/2020,3536,3283,254
10/12/2020,3584,3290,294
11/12/2020,3509,3246,263
12/12/2020,3433,3174,259
13/12/2020,3353,3088,265
14/12/2020,3470,3180,290
15/12/2020,3566,3261,305
16/12/2020,3584,3255,329
17/12/2020,3653,3337,316
18/12/2020,3694,3385,309
19/12/2020,3676,3336,340
20/12/2020,3576,3260,316
21/12/2020,3694,3390,305
22/12/2020,3736,3473,263
23/12/2020,3762,3490,273
24/12/2020,3794,3496,298
25/12/2020,3785,3469,315
26/12/2020,3794,3514,281
27/12/2020,3665,3357,307
28/12/2020,3751,3474,277
29/12/2020,3817,3477,340
30/12/2020,3832,3438,393
31/12/2020,3801,3447,354
01/01/2021,3731,3390,341
02/01/2021,3705,3393,311
03/01/2021,3560,3283,277
04/01/2021,3623,3351,272
05/01/2021,3595,3345,251
06/01/2021,3612,3390,222
07/01/2021,3608,3347,261
08/01/2021,3648,3360,288
09/01/2021,3581,3292,289
10/01/2021,3534,3225,309
11/01/2021,3702,3406,297
12/01/2021,3736,3426,310
13/01/2021,3731,3447,284
14/01/2021,3621,3367,254
15/01/2021,3630,3365,265
16/01/2021,3713,3454,259
17/01/2021,3676,3392,284
18/01/2021,3821,3486,335
19/01/2021,3905,3614,291
20/01/2021,3924,3679,246
21/01/2021,3932,3703,229
22/01/2021,3974,3721,253
23/01/2021,3959,3695,265
24/01/2021,3839,3554,285
25/01/2021,3908,3587,321
26/01/2021,3770,3460,310
27/01/2021,3889,3576,313
28/01/2021,3964,3641,324
29/01/2021,3963,3677,#VALUE!
30/01/2021,3985,3693,292
31/01/2021,3854,3567,287
01/02/2021,3950,3641,310
02/02/2021,3981,3669,312
03/02/2021,3992,3692,300
04/02/2021,3918,3587,331
05/02/2021,3922,3584,338
06/02/2021,3916,3556,359
07/02/2021,3803,3433,371
08/02/2021,3958,3561,397
09/02/2021,3961,3662,299
10/02/2021,3959,3680,279
11/02/2021,3946,3665,281
12/02/2021,3949,3650,299
13/02/2021,3919,3632,287
14/02/2021,3819,3533,286
15/02/2021,3921,3628,293
16/02/2021,3912,3645,267
17/02/2021,3885,3595,289
18/02/2021,3869,3553,316
19/02/2021,3842,3506,337
20/02/2021,3803,3459,344
21/02/2021,3650,3349,302
22/02/2021,3787,3509,278
23/02/2021,3912,3597,315
24/02/2021,3955,3651,304
25/02/2021,4013,3727,286
26/02/2021,4062,3732,330
27/02/2021,4050,3733,318
28/02/2021,3948,3653,295
01/03/2021,4086,3782,303
02/03/2021,4134,3824,311
03/03/2021,4156,3811,345
04/03/2021,4143,3810,333
05/03/2021,4179,3872,307
06/03/2021,4179,3860,319
07/03/2021,4027,3653,374
08/03/2021,4147,3804,344
09/03/2021,4248,3926,322
10/03/2021,4231,3931,301
11/03/2021,4236,3924,312
12/03/2021,4084,3773,312
13/03/2021,3996,3688,308
14/03/2021,3983,3662,321
15/03/2021,4153,3841,312
16/03/2021,4213,3917,297
17/03/2021,4248,3958,290
18/03/2021,4244,3958,286
19/03/2021,4275,4001,275
20/03/2021,4199,3900,299
21/03/2021,4080,3769,311
22/03/2021,4156,3866,290
23/03/2021,4096,3786,311
24/03/2021,4166,3845,321
25/03/2021,4233,3931,301
26/03/2021,4226,3915,311
27/03/2021,4230,3929,301
28/03/2021,4080,3742,337
29/03/2021,3807,3450,357
30/03/2021,3934,3540,394
31/03/2021,4143,3716,427
01/04/2021,4179,3779,401
02/04/2021,4217,3843,375
03/04/2021,4253,3869,384
04/04/2021,4123,3765,358
05/04/2021,4247,3891,356
06/04/2021,4243,3894,349
07/04/2021,4280,3981,299
08/04/2021,4348,4034,315
09/04/2021,4326,3999,326
10/04/2021,4261,3939,323
11/04/2021,4130,3814,316
12/04/2021,4239,3940,299
13/04/2021,4242,3961,280
14/04/2021,4153,3828,325
15/04/2021,4129,3811,317
16/04/2021,4154,3825,329
17/04/2021,4078,3762,317
18/04/2021,4051,3751,301
19/04/2021,4202,3825,377
20/04/2021,4221,3860,361
21/04/2021,4121,3800,321
22/04/2021,4023,3684,339
23/04/2021,4021,3644,378
24/04/2021,4031,3715,316
25/04/2021,3971,3659,312
26/04/2021,4120,3816,305
27/04/2021,4176,3865,311
28/04/2021,4245,3920,325
29/04/2021,4244,3923,322
30/04/2021,4180,3874,306
01/05/2021,3993,3694,299
02/05/2021,3913,3619,294
03/05/2021,3956,3633,323
04/05/2021,4005,3690,315
05/05/2021,3993,3658,335
06/05/2021,3972,3647,326
07/05/2021,3924,3614,309
08/05/2021,3983,3690,293
09/05/2021,3844,3534,310
10/05/2021,3880,3548,332
11/05/2021,3879,3487,392
12/05/2021,3796,3371,426
13/05/2021,3694,3248,446
14/05/2021,3766,3386,379
15/05/2021,3750,3387,363
16/05/2021,3577,3123,455
17/05/2021,3637,3111,526
18/05/2021,3500,3047,453
19/05/2021,3368,2974,394
20/05/2021,3347,2936,411
21/05/2021,3447,2989,458
22/05/2021,3548,3130,418
23/05/2021,3560,3120,440
24/05/2021,3662,3216,446
25/05/2021,3678,3153,525
26/05/2021,3649,3030,619
27/05/2021,3677,3047,631
28/05/2021,3777,3207,570
29/05/2021,3863,3347,516
30/05/2021,3758,3234,524
31/05/2021,3916,3352,565
01/06/2021,3723,3200,523
02/06/2021,3783,3374,409
03/06/2021,3797,3472,325
04/06/2021,3855,3559,297
05/06/2021,3775,3467,309
06/06/2021,3718,3392,326
07/06/2021,3947,3483,464
08/06/2021,4056,3498,558
09/06/2021,4096,3480,616
10/06/2021,4089,3440,649
11/06/2021,3981,3311,670
12/06/2021,3914,3268,646
13/06/2021,3732,3114,618
14/06/2021,3931,3340,591
15/06/2021,3960,3323,637
16/06/2021,3924,3355,569
17/06/2021,3943,3418,525
18/06/2021,3929,3425,505
19/06/2021,3831,3301,529
20/06/2021,3734,3129,606
21/06/2021,3996,3464,532
22/06/2021,4240,3713,528
23/06/2021,4321,3850,471
24/06/2021,4244,3679,564
25/06/2021,4258,3654,604
26/06/2021,4206,3631,575
27/06/2021,4129,3731,397
28/06/2021,4323,3959,364
29/06/2021,4482,4099,383
30/06/2021,4578,4048,530
01/07/2021,4528,3971,557
02/07/2021,4455,3858,597
03/07/2021,4382,3860,522
04/07/2021,4364,3933,431
05/07/2021,4523,4153,369
06/07/2021,4657,4297,360
07/07/2021,4705,4276,429
08/07/2021,4557,4092,465
09/07/2021,4487,4053,434
10/07/2021,4471,4030,441
11/07/2021,4217,3816,401
12/07/2021,4207,3763,444
13/07/2021,4191,3723,469
14/07/2021,4140,3712,428
15/07/2021,4167,3765,402
16/07/2021,4335,3947,389
17/07/2021,4371,3975,397
18/07/2021,4103,3601,502
19/07/2021,4006,3355,651
20/07/2021,3948,3272,675
21/07/2021,3904,3245,659
22/07/2021,3948,3337,611
23/07/2021,4070,3527,543
24/07/2021,4084,3496,588
25/07/2021,4054,3435,619
26/07/2021,4188,3504,684
27/07/2021,4132,3419,714
28/07/2021,3902,3185,717
29/07/2021,3894,3207,687
30/07/2021,3894,3195,698
31/07/2021,3887,3192,695
01/08/2021,3772,3078,694
02/08/2021,4012,3320,691
03/08/2021,4113,3418,695
04/08/2021,4198,3515,683
05/08/2021,4301,3664,637
06/08/2021,4391,3807,584
07/08/2021,4398,3955,444
08/08/2021,4272,3882,390
09/08/2021,4421,3966,455
10/08/2021,4534,4025,509
11/08/2021,4577,4058,519
12/08/2021,4612,4087,526
13/08/2021,4611,4096,515
14/08/2021,4583,3975,608
15/08/2021,4419,3896,524
16/08/2021,4511,4129,382
17/08/2021,4580,4197,383
18/08/2021,4557,4082,476
19/08/2021,4514,3985,529
20/08/2021,4347,3955,392
21/08/2021,4158,3860,299
22/08/2021,3885,3614,271
23/08/2021,4142,3798,344
24/08/2021,4323,3877,446
25/08/2021,4409,3900,509
26/08/2021,4425,3898,527
27/08/2021,4414,3961,453
28/08/2021,4346,3965,380
29/08/2021,4182,3795,387
30/08/2021,4184,3788,397
31/08/2021,4140,3740,400
01/09/2021,4128,3754,374
02/09/2021,4154,3806,348
03/09/2021,4104,3784,320
04/09/2021,4049,3622,427
05/09/2021,3938,3529,410
06/09/2021,4114,3693,421
07/09/2021,4058,3585,472
08/09/2021,4064,3532,531
09/09/2021,4136,3633,503
10/09/2021,4030,3529,501
11/09/2021,3848,3369,480
12/09/2021,3728,3188,540
13/09/2021,3851,3309,543
14/09/2021,3824,3317,506
15/09/2021,3901,3471,430
16/09/2021,3919,3482,438
17/09/2021,3946,3545,401
18/09/2021,4048,3708,340
19/09/2021,4063,3754,309
20/09/2021,4171,3839,331
21/09/2021,4097,3702,395
22/09/2021,3937,3556,381
23/09/2021,3891,3547,344
24/09/2021,3895,3621,273
25/09/2021,3943,3580,363
26/09/2021,3817,3476,341
27/09/2021,3879,3478,401
28/09/2021,3928,3436,492
29/09/2021,3963,3482,481
30/09/2021,4020,3626,395
01/10/2021,3998,3700,298
02/10/2021,3811,3553,257
03/10/2021,3799,3489,310
04/10/2021,3982,3657,325
05/10/2021,3983,3715,268
06/10/2021,3995,3733,263
07/10/2021,4009,3721,288
08/10/2021,4018,3708,310
09/10/2021,3983,3648,335
10/10/2021,3920,3547,373
11/10/2021,4047,3708,339
12/10/2021,4078,3742,336
13/10/2021,4061,3725,336
14/10/2021,3981,3648,333
15/10/2021,3836,3529,307
16/10/2021,3872,3601,271
17/10/2021,3751,3408,343
18/10/2021,3715,3269,446
19/10/2021,3751,3431,319
20/10/2021,3810,3525,285
21/10/2021,3817,3502,315
22/10/2021,3835,3490,345
23/10/2021,3806,3481,325
24/10/2021,3594,3315,279
25/10/2021,3705,3432,273
26/10/2021,3763,3474,289
27/10/2021,3873,3430,442
28/10/2021,3740,3414,326
29/10/2021,3713,3432,281
30/10/2021,3668,3371,297
31/10/2021,3546,3281,265
01/11/2021,3599,3330,269
02/11/2021,3627,3341,286
03/11/2021,3573,3285,289
04/11/2021,3263,2990,273
05/11/2021,3108,2822,285
06/11/2021,3245,2934,311
07/11/2021,3254,2979,275
08/11/2021,3424,3134,290
09/11/2021,3526,3236,290
10/11/2021,3589,3298,290
11/11/2021,3537,3235,302
12/11/2021,3579,3249,330
13/11/2021,3600,3292,308
14/11/2021,3492,3210,283
15/11/2021,3590,3285,305
16/11/2021,3597,3238,359
17/11/2021,3594,3278,316
18/11/2021,3540,3286,254
19/11/2021,3488,3167,321
20/11/2021,3450,3120,331
21/11/2021,3339,3027,312
22/11/2021,3512,3197,315
23/11/2021,3570,3327,243
24/11/2021,3622,3357,265
25/11/2021,3609,3341,268
26/11/2021,3608,3346,262
27/11/2021,3573,3315,258
28/11/2021,3418,3138,280
29/11/2021,3493,3193,299
30/11/2021,3537,3218,319
01/12/2021,3510,3209,301
02/12/2021,3456,3180,276
03/12/2021,3518,3237,281
04/12/2021,3518,3256,261
05/12/2021,3441,3183,258
06/12/2021,3586,3295,291
07/12/2021,3672,3347,325
08/12/2021,3682,3353,329
09/12/2021,3697,3381,316
10/12/2021,3717,3352,366
11/12/2021,3682,3342,340
12/12/2021,3537,3214,323
13/12/2021,3674,3371,303
14/12/2021,3729,3422,307
15/12/2021,3736,3405,331
16/12/2021,3748,3394,354
17/12/2021,3788,3394,393
18/12/2021,3780,3365,415
19/12/2021,3625,3237,388
20/12/2021,3785,3468,317
21/12/2021,3876,3614,262
22/12/2021,3920,3673,247
23/12/2021,3941,3705,237
24/12/2021,3955,3705,250
25/12/2021,3903,3655,248
26/12/2021,3777,3548,229
27/12/2021,3865,3584,282
28/12/2021,3808,3497,311
29/12/2021,3739,3409,330
30/12/2021,3792,3366,426
31/12/2021,3826,3434,391
01/01/2022,3768,3431,337
02/01/2022,3657,3303,355
03/01/2022,3840,3513,327
04/01/2022,3926,3609,316
05/01/2022,3852,3609,243
06/01/2022,3774,3525,249
07/01/2022,3769,3501,268
08/01/2022,3639,3371,268
09/01/2022,3530,3248,282
10/01/2022,3681,3375,306
11/01/2022,3739,3394,345
12/01/2022,3745,3421,323
13/01/2022,3755,3413,342
14/01/2022,3652,3297,355
15/01/2022,3616,3248,368
16/01/2022,3607,3236,371
17/01/2022,3803,3437,367
18/01/2022,3876,3544,332
19/01/2022,3930,3616,315
20/01/2022,3955,3605,351
21/01/2022,3979,3613,367
22/01/2022,3858,3422,437
23/01/2022,3727,3370,357
24/01/2022,3912,3611,301
25/01/2022,3954,3654,301
26/01/2022,3790,3491,299
27/01/2022,3911,3552,359
28/01/2022,4017,3588,430
29/01/2022,3991,3637,355
30/01/2022,3898,3574,324
31/01/2022,4033,3711,322
01/02/2022,4063,3759,304
02/02/2022,4110,3760,350
03/02/2022,4028,3621,407
04/02/2022,4026,3680,346
05/02/2022,4063,3750,313
06/02/2022,3953,3614,339
07/02/2022,4094,3778,316
08/02/2022,4144,3818,327
09/02/2022,4092,3740,353
10/02/2022,3985,3682,302
11/02/2022,4096,3654,442
12/02/2022,4083,3706,377
13/02/2022,3949,3597,352
14/02/2022,4066,3702,364
15/02/2022,4109,3759,349
16/02/2022,4124,3796,328
17/02/2022,4117,3766,351
18/02/2022,4139,3737,402
19/02/2022,4121,3693,428
20/02/2022,3982,3586,396
21/02/2022,4112,3717,395
22/02/2022,4157,3715,442
23/02/2022,4166,3768,399
24/02/2022,4226,3866,360
25/02/2022,4228,3840,387
26/02/2022,4146,3728,418
27/02/2022,4038,3572,466
28/02/2022,4177,3748,429
01/03/2022,4195,3809,386
02/03/2022,4193,3747,446
03/03/2022,4222,3736,486
04/03/2022,4264,3803,461
05/03/2022,4254,3839,414
06/03/2022,4136,3753,383
07/03/2022,4281,3827,454
08/03/2022,4296,3879,417
09/03/2022,4328,3912,416
10/03/2022,4356,3976,380
11/03/2022,4396,4017,379
12/03/2022,4355,3997,358
13/03/2022,4273,3900,372
14/03/2022,4426,4032,394
15/03/2022,4494,4098,396
16/03/2022,4554,4158,396
17/03/2022,4553,4144,409
18/03/2022,4244,3812,433
19/03/2022,4302,3816,486
20/03/2022,4372,3891,481
21/03/2022,4511,4082,429
22/03/2022,4519,4114,406
23/03/2022,4534,4136,398
24/03/2022,4515,4138,377
25/03/2022,4492,4160,331
26/03/2022,4471,4131,340
27/03/2022,4394,4013,381
28/03/2022,4537,4104,433
29/03/2022,4614,4156,458
30/03/2022,4647,4220,427
31/03/2022,4658,4243,415
01/04/2022,4661,4249,412
02/04/2022,4637,4207,430
03/04/2022,4480,4099,381
04/04/2022,4642,4263,379
05/04/2022,4681,4311,369
06/04/2022,4649,4261,388
07/04/2022,4698,4301,398
08/04/2022,4732,4305,427
09/04/2022,4687,4271,416
10/04/2022,4547,4145,402
11/04/2022,4619,4209,411
12/04/2022,4691,4243,448
13/04/2022,4672,4259,413
14/04/2022,4579,4181,399
15/04/2022,4583,4134,449
16/04/2022,4633,4175,457
17/04/2022,4488,3998,490
18/04/2022,4630,4163,467
19/04/2022,4680,4241,439
20/04/2022,4642,4232,409
21/04/2022,4647,4239,408
22/04/2022,4583,4191,392
23/04/2022,4622,4251,371
24/04/2022,4509,4089,420
25/04/2022,4684,4248,436
26/04/2022,4707,4287,421
27/04/2022,4732,4323,409
28/04/2022,4772,4310,461
29/04/2022,4782,4291,491
30/04/2022,4767,4206,561
01/05/2022,4581,3973,608
02/05/2022,4714,4128,586
03/05/2022,4698,4139,559
04/05/2022,4605,4159,446
05/05/2022,4529,4112,417
06/05/2022,4647,4210,437
07/05/2022,4688,4222,466
08/05/2022,4584,4082,503
09/05/2022,4714,4143,571
10/05/2022,4745,4116,629
11/05/2022,4711,4135,576
12/05/2022,4762,4120,642
13/05/2022,4728,4109,619
14/05/2022,4769,4119,650
15/05/2022,4599,3980,619
16/05/2022,4741,4152,589
17/05/2022,4770,4247,523
18/05/2022,4761,4331,431
19/05/2022,4739,4248,491
20/05/2022,4743,4075,668
21/05/2022,4514,3711,803
22/05/2022,4299,3424,875
23/05/2022,4182,3378,803
24/05/2022,4270,3628,642
25/05/2022,4491,3959,533
26/05/2022,4608,3933,675
27/05/2022,4653,3854,799
28/05/2022,4660,3891,769
29/05/2022,4570,3805,764
30/05/2022,4797,4080,717
31/05/2022,4860,4182,678
01/06/2022,4825,4149,676
02/06/2022,4896,4212,684
03/06/2022,4915,4233,682
04/06/2022,4916,4268,648
05/06/2022,4781,4104,678
06/06/2022,4834,4252,582
07/06/2022,4930,4252,678
08/06/2022,4969,4215,754
09/06/2022,4950,4204,746
10/06/2022,4966,4264,702
11/06/2022,4919,4230,689
12/06/2022,4719,4130,589
13/06/2022,4815,4329,487
14/06/2022,4898,4401,497
15/06/2022,4844,4305,539
16/06/2022,4744,4162,582
17/06/2022,4583,4052,530
18/06/2022,4447,3966,481
19/06/2022,4270,3724,546
20/06/2022,4361,3701,660
21/06/2022,4338,3694,645
22/06/2022,4434,3925,509
23/06/2022,4601,4079,522
24/06/2022,4637,4041,595
25/06/2022,4641,4029,612
26/06/2022,4612,3957,654
27/06/2022,4798,4198,599
28/06/2022,4885,4266,619
29/06/2022,4808,4100,708
30/06/2022,4482,3779,704
01/07/2022,4396,3728,668
02/07/2022,4411,3832,579
03/07/2022,4275,3710,565
04/07/2022,4525,3954,572
05/07/2022,4627,4017,610
06/07/2022,4569,4016,553
07/07/2022,4619,4022,596
08/07/2022,4726,3969,757
09/07/2022,4470,3713,757
10/07/2022,4209,3452,757
11/07/2022,4326,3622,704
12/07/2022,4407,3662,745
13/07/2022,4396,3709,686
14/07/2022,4322,3665,657
15/07/2022,4321,3676,645
16/07/2022,4390,3716,674
17/07/2022,4168,3583,586
18/07/2022,4418,3892,525
19/07/2022,4587,4033,553
20/07/2022,4474,3855,619
21/07/2022,4257,3650,606
22/07/2022,4285,3775,510
23/07/2022,4256,3705,551
24/07/2022,4094,3490,604
25/07/2022,4285,3735,550
26/07/2022,4327,3963,364
27/07/2022,4383,4019,363
28/07/2022,4387,3987,400
29/07/2022,4402,3966,437
30/07/2022,4354,3872,482
31/07/2022,4164,3637,528
01/08/2022,4336,3790,545
02/08/2022,4485,3946,539
03/08/2022,4536,4100,436
04/08/2022,4480,4077,403
05/08/2022,4431,3923,508
06/08/2022,4388,3819,569
07/08/2022,4174,3609,565
08/08/2022,4295,3719,576
09/08/2022,4351,3708,643
10/08/2022,4382,3687,695
11/08/2022,4201,3492,709
12/08/2022,4359,3657,702
13/08/2022,4443,3799,644
14/08/2022,4209,3564,645
15/08/2022,3879,3373,507
16/08/2022,4163,3639,524
17/08/2022,4446,3870,576
18/08/2022,4588,3945,643
19/08/2022,4580,3945,634
20/08/2022,4425,3843,582
21/08/2022,4346,3705,641
22/08/2022,4554,3831,724
23/08/2022,4593,3865,728
24/08/2022,4561,3932,629
25/08/2022,4546,4020,526
26/08/2022,4626,4189,437
27/08/2022,4605,4127,478
28/08/2022,4464,4011,452
29/08/2022,4592,4250,342
30/08/2022,4680,4342,338
31/08/2022,4658,4276,381
01/09/2022,4640,4265,376
02/09/2022,4711,4317,393
03/09/2022,4785,4313,473
04/09/2022,4611,4052,559
05/09/2022,4726,4231,494
06/09/2022,4780,4308,472
07/09/2022,4817,4349,468
08/09/2022,4756,4291,465
09/09/2022,4719,4218,501
10/09/2022,4649,4139,510
11/09/2022,4400,3845,555
12/09/2022,4463,3881,582
13/09/2022,4423,3871,552
14/09/2022,4377,3877,500
15/09/2022,4299,3721,578
16/09/2022,4253,3597,656
17/09/2022,4244,3643,601
18/09/2022,4230,3703,527
19/09/2022,4460,3890,570
20/09/2022,4474,3907,567
21/09/2022,4443,3880,562
22/09/2022,4356,3737,619
23/09/2022,4311,3652,658
24/09/2022,4199,3576,623
25/09/2022,4077,3568,509
26/09/2022,4284,3893,391
27/09/2022,4350,3925,425
28/09/2022,4451,3975,476
29/09/2022,4442,3973,469
30/09/2022,4442,3938,504
01/10/2022,4351,3789,562
02/10/2022,4185,3623,561
03/10/2022,4340,3802,538
04/10/2022,4323,3836,487
05/10/2022,4111,3637,474
06/10/2022,4133,3691,442
07/10/2022,4100,3674,426
08/10/2022,4002,3616,385
09/10/2022,3828,3524,303
10/10/2022,3883,3602,281
11/10/2022,3887,3578,308
12/10/2022,3927,3616,311
13/10/2022,3971,3633,338
14/10/2022,3962,3577,385
15/10/2022,3909,3522,387
16/10/2022,3771,3405,366
17/10/2022,3923,3573,351
18/10/2022,3974,3604,370
19/10/2022,3982,3606,376
20/10/2022,3966,3611,355
21/10/2022,3951,3580,372
22/10/2022,3869,3451,417
23/10/2022,3655,3259,396
24/10/2022,3345,2973,372
25/10/2022,3270,2854,416
26/10/2022,3466,3081,385
27/10/2022,3662,3303,359
28/10/2022,3776,3423,353
29/10/2022,3781,3399,382
30/10/2022,3647,3277,370
31/10/2022,3830,3434,395
01/11/2022,3870,3542,327
02/11/2022,3898,3575,323
03/11/2022,3909,3561,348
04/11/2022,3942,3564,378
05/11/2022,3954,3560,394
06/11/2022,3817,3471,346
07/11/2022,3988,3625,362
08/11/2022,4036,3687,350
09/11/2022,4043,3685,359
10/11/2022,4041,3651,390
11/11/2022,4001,3601,400
12/11/2022,3901,3522,378
13/11/2022,3747,3390,357
14/11/2022,3903,3553,349
15/11/2022,3976,3635,340
16/11/2022,4002,3647,355
17/11/2022,4010,3639,371
18/11/2022,3987,3640,346
19/11/2022,3944,3582,363
20/11/2022,3802,3440,362
21/11/2022,3943,3595,348
22/11/2022,4003,3675,328
23/11/2022,4017,3661,357
24/11/2022,4034,3671,363
25/11/2022,4059,3674,385
26/11/2022,4047,3693,354
27/11/2022,3905,3587,318
28/11/2022,4034,3710,325
29/11/2022,4040,3673,367
30/11/2022,4046,3626,421
01/12/2022,4061,3658,403
02/12/2022,4074,3750,324
03/12/2022,4066,3724,342
04/12/2022,3926,3534,392
05/12/2022,4025,3622,403
06/12/2022,4117,3691,426
07/12/2022,4108,3735,374
08/12/2022,4078,3687,391
09/12/2022,4020,3619,400
10/12/2022,3936,3493,443
11/12/2022,3824,3384,440
12/12/2022,3959,3540,419
13/12/2022,4031,3562,469
14/12/2022,4067,3600,467
15/12/2022,4084,3666,418
16/12/2022,4128,3744,384
17/12/2022,4156,3779,377
18/12/2022,4036,3634,402
19/12/2022,4147,3780,367
20/12/2022,4182,3818,363
21/12/2022,4238,3821,417
22/12/2022,4276,3843,433
23/12/2022,4272,3875,397
24/12/2022,4247,3847,399
25/12/2022,4098,3713,385
26/12/2022,4197,3773,424
27/12/2022,4272,3848,424
28/12/2022,4307,3920,387
29/12/2022,4324,3972,352
30/12/2022,4354,3948,405
31/12/2022,4316,3886,430
01/01/2023,4099,3714,385
02/01/2023,4246,3851,394
03/01/2023,4349,3891,458
04/01/2023,4359,3807,552
05/01/2023,4371,3819,553
06/01/2023,4363,3853,510
07/01/2023,4379,3937,442
08/01/2023,4257,3856,401
09/01/2023,4327,3950,377
10/01/2023,4386,3968,418
11/01/2023,4429,3999,430
12/01/2023,4422,3977,444
13/01/2023,4375,3997,378
14/01/2023,4226,3793,433
15/01/2023,4072,3625,447
16/01/2023,4217,3787,431
17/01/2023,4324,3853,470
18/01/2023,4412,3918,495
19/01/2023,4409,3910,499
20/01/2023,4417,3938,479
21/01/2023,4368,3907,461
22/01/2023,4232,3775,456
23/01/2023,4326,3831,494
24/01/2023,4314,3885,429
25/01/2023,4295,3810,485
26/01/2023,4049,3478,571
27/01/2023,4234,3625,608
28/01/2023,4295,3754,540
29/01/2023,4125,3660,464
30/01/2023,4138,3746,392
31/01/2023,4265,3752,513
01/02/2023,4252,3715,537
02/02/2023,4281,3787,494
03/02/2023,4314,3862,452
04/02/2023,4291,3883,409
05/02/2023,4179,3735,444
06/02/2023,4330,3887,444
07/02/2023,4391,3986,404
08/02/2023,4442,4026,415
09/02/2023,4446,4000,447
10/02/2023,4475,3980,496
11/02/2023,4450,4007,442
12/02/2023,4308,3774,533
13/02/2023,4392,3843,549
14/02/2023,4467,4017,450
15/02/2023,4487,4059,428
16/02/2023,4505,4052,453
17/02/2023,4542,4088,454
18/02/2023,4481,4050,431
19/02/2023,4370,3932,438
20/02/2023,4533,4053,479
21/02/2023,4551,4083,468
22/02/2023,4568,4114,454
23/02/2023,4550,4097,453
24/02/2023,4553,4127,426
25/02/2023,4546,4083,463
26/02/2023,4426,3937,489
27/02/2023,4518,4056,463
28/02/2023,4536,4054,482
01/03/2023,4528,4024,505
02/03/2023,4567,4046,521
03/03/2023,4608,4086,521
04/03/2023,4589,4079,510
05/03/2023,4420,3922,497
06/03/2023,4488,4014,474
07/03/2023,4252,3760,493
08/03/2023,4067,3561,506
09/03/2023,4192,3719,473
10/03/2023,4432,3963,469
11/03/2023,4481,4005,476
12/03/2023,4390,3927,463
13/03/2023,4557,4110,447
14/03/2023,4615,4182,433
15/03/2023,4584,4206,378
16/03/2023,4434,4065,369
17/03/2023,4204,3820,384
18/03/2023,4024,3613,411
19/03/2023,3726,3268,458
20/03/2023,3904,3439,465
21/03/2023,4048,3590,458
22/03/2023,4147,3702,445
23/03/2023,4237,3777,460
24/03/2023,4300,3768,532
25/03/2023,4315,3871,444
26/03/2023,4168,3700,468
27/03/2023,4355,3872,482
28/03/2023,4480,4011,469
29/03/2023,4525,4072,453
30/03/2023,4471,4013,458
31/03/2023,4280,3778,502
01/04/2023,4154,3650,504
02/04/2023,4079,3551,528
03/04/2023,4314,3766,547
04/04/2023,4403,3920,483
05/04/2023,4508,3973,535
06/04/2023,4538,4004,534
07/04/2023,4557,4035,522
08/04/2023,4471,3979,492
09/04/2023,4387,3909,478
10/04/2023,4587,4106,481
11/04/2023,4724,4281,442
12/04/2023,4794,4303,491
13/04/2023,4855,4381,474
14/04/2023,4839,4343,496
15/04/2023,4812,4315,498
16/04/2023,4730,4237,493
17/04/2023,4956,4449,507
18/04/2023,5093,4598,495
19/04/2023,5041,4534,507
20/04/2023,5006,4459,547
21/04/2023,4822,4285,536
22/04/2023,4636,4126,510
23/04/2023,4300,3779,522
24/04/2023,4497,4026,470
25/04/2023,4605,4136,470
26/04/2023,4646,4169,477
27/04/2023,4624,4207,417
28/04/2023,4585,4185,400
29/04/2023,4439,4057,382
30/04/2023,4068,3683,385
01/05/2023,3815,3418,397
02/05/2023,3939,3529,411
03/05/2023,4062,3631,431
04/05/2023,4116,3685,431
05/05/2023,4272,3844,428
06/05/2023,4360,3905,455
07/05/2023,4240,3773,467
08/05/2023,4490,4003,488
09/05/2023,4654,4182,472
10/05/2023,4705,4228,477
11/05/2023,4786,4266,520
12/05/2023,4856,4247,609
13/05/2023,4900,4198,702
14/05/2023,4705,3970,734
15/05/2023,4863,4092,771
16/05/2023,4963,4276,687
17/05/2023,5076,4447,629
18/05/2023,4867,4297,570
19/05/2023,5052,4508,543
20/05/2023,5069,4472,597
21/05/2023,4917,4301,616
22/05/2023,5026,4429,597
23/05/2023,5092,4488,604
24/05/2023,4868,4168,700
25/05/2023,4716,3923,793
26/05/2023,4536,3730,805
27/05/2023,4528,3814,714
28/05/2023,4498,3919,579
29/05/2023,4617,4158,459
30/05/2023,4655,4234,421
31/05/2023,4719,4191,528
01/06/2023,4703,4074,629
02/06/2023,4823,4159,664
03/06/2023,4938,4315,623
04/06/2023,4605,3980,625
05/06/2023,4905,4230,675
06/06/2023,5009,4326,684
07/06/2023,5062,4382,680
08/06/2023,5157,4429,728
09/06/2023,5177,4414,763
10/06/2023,5067,4281,786
11/06/2023,4866,4117,749
12/06/2023,5098,4299,799
13/06/2023,5168,4318,849
14/06/2023,5109,4231,877
15/06/2023,5032,4280,752
16/06/2023,5055,4365,690
17/06/2023,5049,4377,672
18/06/2023,4835,4175,660
19/06/2023,4937,4317,619
20/06/2023,4991,4359,631
21/06/2023,5031,4423,608
22/06/2023,5063,4441,621
23/06/2023,5093,4449,644
24/06/2023,4973,4326,647
25/06/2023,4482,3933,549
26/06/2023,4520,3884,636
27/06/2023,4602,3989,614
28/06/2023,4581,3943,637
29/06/2023,4529,3843,686
30/06/2023,4474,3746,728
01/07/2023,4588,3896,692
02/07/2023,4538,3890,648
03/07/2023,4791,4154,637
04/07/2023,4884,4210,674
05/07/2023,4741,4086,655
06/07/2023,4595,3980,615
07/07/2023,4621,4016,605
08/07/2023,4418,3832,586
09/07/2023,4231,3646,585
10/07/2023,4492,3911,581
11/07/2023,4603,4000,603
12/07/2023,4731,4099,632
13/07/2023,4782,4112,670
14/07/2023,4820,4126,694
15/07/2023,4807,4074,732
16/07/2023,4597,3941,656
17/07/2023,4801,4157,644
18/07/2023,4817,4110,707
19/07/2023,4779,4068,712
20/07/2023,4856,4149,707
21/07/2023,4909,4211,698
22/07/2023,4760,4073,687
23/07/2023,4617,3943,674
24/07/2023,4834,4181,653
25/07/2023,4788,4203,585
26/07/2023,4651,4050,601
27/07/2023,4667,4006,661
28/07/2023,4632,3873,759
29/07/2023,4542,3710,832
30/07/2023,4542,3765,776
31/07/2023,4838,4033,806
01/08/2023,4911,4016,895
02/08/2023,4813,3921,893
03/08/2023,4840,3991,849
04/08/2023,4886,4125,761
05/08/2023,4907,4151,756
06/08/2023,4754,3903,851
07/08/2023,4879,4017,862
08/08/2023,4999,4227,772
09/08/2023,5072,4378,694
10/08/2023,5136,4498,637
11/08/2023,5208,4621,587
12/08/2023,5198,4468,730
13/08/2023,5090,4303,788
14/08/2023,5166,4480,685
15/08/2023,5037,4450,588
16/08/2023,5230,4602,628
17/08/2023,5343,4606,737
18/08/2023,5307,4563,744
19/08/2023,5149,4456,693
20/08/2023,5030,4422,608
21/08/2023,5167,4600,567
22/08/2023,5231,4635,595
23/08/2023,5075,4355,720
24/08/2023,5066,4308,757
25/08/2023,5149,4431,718
26/08/2023,5131,4478,654
27/08/2023,5081,4371,710
28/08/2023,5231,4440,791
29/08/2023,5300,4689,611
30/08/2023,5263,4778,485
31/08/2023,5303,4836,467
01/09/2023,5382,4911,471
02/09/2023,5396,4823,574
03/09/2023,5213,4624,589
04/09/2023,5209,4560,649
05/09/2023,5181,4613,568
06/09/2023,5134,4506,629
07/09/2023,5000,4266,734
08/09/2023,4900,4163,737
09/09/2023,4844,4077,768
10/09/2023,4702,3900,802
11/09/2023,4920,4148,772
12/09/2023,5077,4344,732
13/09/2023,5142,4475,667
14/09/2023,5204,4633,571
15/09/2023,5065,4502,563
16/09/2023,4911,4241,670
17/09/2023,4510,3866,644
18/09/2023,4587,4015,572
19/09/2023,4707,4152,555
20/09/2023,4855,4312,543
21/09/2023,4883,4403,480
22/09/2023,4807,4354,453
23/09/2023,4640,4132,508
24/09/2023,4405,3869,536
25/09/2023,4580,4088,492
26/09/2023,4761,4298,463
27/09/2023,4823,4351,473
28/09/2023,4823,4310,513
29/09/2023,4826,4302,523
30/09/2023,4738,4199,539
01/10/2023,4550,3983,567
02/10/2023,4478,3943,535
03/10/2023,4639,4115,524
04/10/2023,4714,4193,521
05/10/2023,4769,4247,522
06/10/2023,4861,4319,542
07/10/2023,4872,4378,494
08/10/2023,4823,4355,468
09/10/2023,4973,4494,479
10/10/2023,5017,4554,463
11/10/2023,5028,4624,403
12/10/2023,5001,4588,413
13/10/2023,5021,4603,418
14/10/2023,4981,4557,424
15/10/2023,4776,4363,413
16/10/2023,4726,4351,374
17/10/2023,4628,4232,396
18/10/2023,4732,4321,412
19/10/2023,4765,4377,388
20/10/2023,4759,4366,394
21/10/2023,4691,4292,399
22/10/2023,4552,4156,396
23/10/2023,4511,4094,417
24/10/2023,4373,3971,402
25/10/2023,4558,4155,403
26/10/2023,4697,4281,416
27/10/2023,4697,4277,420
28/10/2023,4648,4280,367
29/10/2023,4496,4109,387
30/10/2023,4592,4199,393
31/10/2023,4649,4257,392
01/11/2023,4630,4264,366
02/11/2023,4643,4273,369
03/11/2023,4625,4269,357
04/11/2023,4565,4214,351
05/11/2023,4355,3995,360
06/11/2023,4426,4082,344
07/11/2023,4431,4110,320
08/11/2023,4436,4134,303
09/11/2023,4407,4110,297
10/11/2023,4343,3956,387
11/11/2023,4161,3667,494
12/11/2023,3788,3312,477
13/11/2023,3652,3227,424
14/11/2023,3816,3427,389
15/11/2023,3954,3535,419
16/11/2023,4094,3666,428
17/11/2023,4192,3762,430
18/11/2023,4259,3872,387
19/11/2023,4138,3740,398
20/11/2023,4284,3835,449
21/11/2023,4340,3933,407
22/11/2023,4328,3994,334
23/11/2023,4291,3977,314
24/11/2023,4294,3894,400
25/11/2023,4223,3785,437
26/11/2023,3955,3555,400
27/11/2023,3833,3523,310
28/11/2023,3922,3559,363
29/11/2023,3975,3594,381
30/11/2023,3920,3526,393
01/12/2023,3956,3521,436
02/12/2023,3943,3443,501
03/12/2023,3786,3304,482
04/12/2023,3815,3343,472
05/12/2023,3857,3381,476
06/12/2023,3915,3487,428
07/12/2023,3989,3592,397
08/12/2023,4029,3673,356
09/12/2023,4026,3654,372
10/12/2023,3907,3501,406
11/12/2023,4087,3690,397
12/12/2023,4178,3784,394
13/12/2023,4228,3798,430
14/12/2023,4270,3808,461
15/12/2023,4293,3904,389
16/12/2023,4252,3896,357
17/12/2023,4089,3639,450
18/12/2023,4206,3660,546
19/12/2023,4290,3764,527
20/12/2023,4342,3859,482
21/12/2023,4368,3939,429
22/12/2023,4386,4023,362
23/12/2023,4349,3910,439
24/12/2023,4208,3723,486
25/12/2023,4299,3836,463
26/12/2023,4376,3949,428
27/12/2023,4405,3914,491
28/12/2023,4430,3933,496
29/12/2023,4474,4024,451
30/12/2023,4457,4032,426
31/12/2023,4342,3863,478
01/01/2024,4343,3921,421
02/01/2024,4417,4035,382
03/01/2024,4507,4109,398
04/01/2024,4510,4124,386
05/01/2024,4505,4118,386
06/01/2024,4448,3989,459
07/01/2024,4275,3791,484
08/01/2024,4397,3974,423
09/01/2024,4437,3947,490
10/01/2024,4498,4018,479
11/01/2024,4520,4006,513
12/01/2024,4601,4096,505
13/01/2024,4571,4178,392
14/01/2024,4355,3952,402
15/01/2024,4400,4004,395
16/01/2024,4500,4124,377
17/01/2024,4567,4195,372
18/01/2024,4631,4237,394
19/01/2024,4684,4262,422
20/01/2024,4684,4274,409
21/01/2024,4588,4175,413
22/01/2024,4631,4220,411
23/01/2024,4679,4274,405
24/01/2024,4686,4299,386
25/01/2024,4714,4303,411
26/01/2024,4528,4075,453
27/01/2024,4572,4114,459
28/01/2024,4546,4142,404
29/01/2024,4637,4218,418
30/01/2024,4663,4291,372
31/01/2024,4630,4219,412
01/02/2024,4502,4100,402
02/02/2024,4593,4210,383
03/02/2024,4581,4225,356
04/02/2024,4379,3990,389
05/02/2024,4493,4068,425
06/02/2024,4613,4160,453
07/02/2024,4629,4145,484
08/02/2024,4616,4077,538
09/02/2024,4637,4125,512
10/02/2024,4617,4067,549
11/02/2024,4453,3889,564
12/02/2024,4577,4068,509
13/02/2024,4679,4177,502
14/02/2024,4641,4094,547
15/02/2024,4639,4052,587
16/02/2024,4671,4041,629
17/02/2024,4634,4085,549
18/02/2024,4429,3882,547
19/02/2024,4520,3879,641
20/02/2024,4633,4118,515
21/02/2024,4640,4108,533
22/02/2024,4673,4156,517
23/02/2024,4744,4213,531
24/02/2024,4702,4211,491
25/02/2024,4517,3995,521
26/02/2024,4608,4011,597
27/02/2024,4625,3953,672
28/02/2024,4637,4029,607
29/02/2024,4689,4113,577
01/03/2024,4637,4106,531
02/03/2024,4426,3822,605
03/03/2024,4230,3670,559
04/03/2024,4463,3936,526
05/03/2024,4576,3999,576
06/03/2024,4614,4107,507
07/03/2024,4645,4126,518
08/03/2024,4675,4135,539
09/03/2024,4687,4113,574
10/03/2024,4570,4053,517
11/03/2024,4764,4230,534
12/03/2024,4856,4324,532
13/03/2024,4879,4326,553
14/03/2024,4902,4386,517
15/03/2024,4931,4396,535
16/03/2024,4876,4336,540
17/03/2024,4656,4105,552
18/03/2024,4824,4293,532
19/03/2024,4831,4302,529
20/03/2024,4712,4160,552
21/03/2024,4705,4156,549
22/03/2024,4808,4265,543
23/03/2024,4822,4283,539
24/03/2024,4585,4047,538
25/03/2024,4276,3770,506
26/03/2024,4542,4028,515
27/03/2024,4852,4304,549
28/03/2024,5008,4475,533
29/03/2024,5038,4493,545
30/03/2024,4980,4396,584
31/03/2024,4762,4224,538
01/04/2024,4824,4303,522
02/04/2024,4930,4404,526
03/04/2024,5039,4499,540
04/04/2024,5101,4584,517
05/04/2024,5149,4611,539
06/04/2024,5114,4553,561
07/04/2024,4883,4326,557
08/04/2024,4956,4408,548
09/04/2024,4968,4434,534
10/04/2024,5014,4460,554
11/04/2024,4924,4399,526
12/04/2024,4928,4402,526
13/04/2024,4869,4387,482
14/04/2024,4717,4221,497
15/04/2024,5036,4523,513
16/04/2024,5138,4599,539
17/04/2024,5124,4627,497
18/04/2024,5188,4648,540
19/04/2024,5139,4502,636
20/04/2024,5138,4567,571
21/04/2024,4961,4422,538
22/04/2024,5106,4512,593
23/04/2024,5101,4521,580
24/04/2024,5142,4570,572
25/04/2024,5292,4715,577
26/04/2024,5278,4672,606
27/04/2024,5310,4743,566
28/04/2024,5137,4571,565
29/04/2024,5313,4711,602
30/04/2024,5375,4722,653
01/05/2024,5133,4432,702
02/05/2024,5236,4635,602
03/05/2024,5339,4750,588
04/05/2024,5394,4747,647
05/05/2024,5237,4547,690
06/05/2024,5417,4748,669
07/05/2024,5210,4580,630
08/05/2024,5185,4578,606
09/05/2024,5220,4637,583
10/05/2024,5183,4610,573
11/05/2024,5046,4524,522
12/05/2024,4931,4417,514
13/05/2024,5038,4533,504
14/05/2024,5121,4563,558
15/05/2024,5233,4730,503
16/05/2024,5287,4793,494
17/05/2024,5331,4819,512
18/05/2024,5365,4791,574
19/05/2024,5149,4559,590
20/05/2024,5262,4635,627
21/05/2024,5350,4756,593
22/05/2024,5462,4884,578
23/05/2024,5459,4840,620
24/05/2024,5570,4900,670
25/05/2024,5499,4675,824
26/05/2024,5241,4331,910
27/05/2024,5366,4372,993
28/05/2024,5501,4458,1043
29/05/2024,5649,4615,1034
30/05/2024,5760,4876,883
31/05/2024,5697,4862,835
01/06/2024,5563,4769,793
02/06/2024,5257,4624,633
03/06/2024,5396,4802,594
04/06/2024,5469,4783,686
05/06/2024,5408,4679,729
06/06/2024,5173,4560,613
07/06/2024,5308,4736,572
08/06/2024,5280,4667,613
09/06/2024,5112,4416,696
10/06/2024,5315,4566,749
11/06/2024,5436,4621,815
12/06/2024,5450,4654,796
13/06/2024,5461,4673,787
14/06/2024,5480,4669,811
15/06/2024,5508,4735,773
16/06/2024,5404,4711,692
17/06/2024,5569,4904,665
18/06/2024,5592,4773,819
19/06/2024,5512,4645,867
20/06/2024,5261,4351,910
21/06/2024,5320,4518,802
22/06/2024,5336,4660,676
23/06/2024,5164,4479,685
24/06/2024,5337,4664,673
25/06/2024,5429,4718,712
26/06/2024,5354,4664,690
27/06/2024,5173,4505,668
28/06/2024,5146,4468,677
29/06/2024,5111,4435,676
30/06/2024,4836,4161,675
01/07/2024,4901,4146,755
02/07/2024,4911,4032,879
03/07/2024,4894,4030,864
04/07/2024,4868,4134,734
05/07/2024,4907,4151,756
06/07/2024,4720,3836,884
07/07/2024,4602,3839,763
08/07/2024,4947,4340,608
09/07/2024,5107,4473,634
10/07/2024,5190,4510,680
11/07/2024,5279,4471,808
12/07/2024,5134,4235,899
13/07/2024,5053,4190,864
14/07/2024,4981,4168,814
15/07/2024,5139,4484,655
16/07/2024,5229,4454,775
17/07/2024,5198,4488,710
18/07/2024,5239,4473,766
19/07/2024,5173,4385,789
20/07/2024,5176,4460,716
21/07/2024,5046,4278,768
22/07/2024,5163,4390,773
23/07/2024,5176,4326,850
24/07/2024,5086,4223,863
25/07/2024,5054,4191,862
26/07/2024,5087,4175,912
27/07/2024,5091,4220,871
28/07/2024,5026,4254,772
29/07/2024,5255,4538,717
30/07/2024,5359,4644,715
31/07/2024,5302,4526,776
01/08/2024,4889,4080,809
02/08/2024,4814,4035,778
03/08/2024,4759,3981,778
04/08/2024,4625,3860,765
05/08/2024,4895,4285,609
06/08/2024,4968,4338,630
07/08/2024,4864,4221,644
08/08/2024,4856,4196,660
09/08/2024,4935,4289,646
10/08/2024,4900,4233,667
11/08/2024,4586,3906,680
12/08/2024,4815,4223,592
13/08/2024,4990,4507,483
14/08/2024,5098,4655,443
15/08/2024,4820,4337,483
16/08/2024,5031,4604,427
17/08/2024,5061,4555,506
18/08/2024,4895,4384,512
19/08/2024,4880,4394,487
20/08/2024,4868,4343,525
21/08/2024,5019,4485,533
22/08/2024,5080,4530,551
23/08/2024,5013,4415,597
24/08/2024,4900,4190,710
25/08/2024,4651,3801,850
26/08/2024,4755,3863,892
27/08/2024,4684,3866,818
28/08/2024,4765,3972,794
29/08/2024,4745,3978,767
30/08/2024,4827,4144,683
31/08/2024,4859,4234,626
01/09/2024,4648,3988,660
02/09/2024,4841,4178,663
03/09/2024,4884,4268,616
04/09/2024,4759,4101,657
05/09/2024,4800,4062,738
06/09/2024,4846,4119,727
07/09/2024,4762,4063,699
08/09/2024,4636,3940,696
09/09/2024,4874,4128,746
10/09/2024,4922,4166,755
11/09/2024,4887,4158,729
12/09/2024,4840,4050,790
13/09/2024,4843,4018,825
14/09/2024,4803,4008,795
15/09/2024,4705,3932,772
16/09/2024,4887,4152,735
17/09/2024,4887,4187,700
18/09/2024,4963,4313,650
19/09/2024,5118,4456,662
20/09/2024,5274,4619,655
21/09/2024,5263,4602,661
22/09/2024,5152,4501,651
23/09/2024,5326,4671,655
24/09/2024,5337,4683,654
25/09/2024,5220,4552,667
26/09/2024,4970,4337,633
27/09/2024,4808,4182,626
28/09/2024,4743,4227,515
29/09/2024,4703,4252,451
30/09/2024,4996,4523,473
01/10/2024,5143,4624,519
02/10/2024,5020,4448,572
03/10/2024,5142,4495,647
04/10/2024,5219,4569,650
05/10/2024,5119,4607,512
06/10/2024,4846,4402,444
07/10/2024,5069,4554,515
08/10/2024,5133,4642,492
09/10/2024,5127,4612,515
10/10/2024,4947,4446,501
11/10/2024,4766,4289,476
12/10/2024,4476,3989,487
13/10/2024,4407,3967,440
14/10/2024,4669,4309,360
15/10/2024,4694,4283,412
16/10/2024,4665,4245,420
17/10/2024,4708,4208,500
18/10/2024,4777,4283,494
19/10/2024,4723,4294,429
20/10/2024,4498,4083,415
21/10/2024,4645,4218,427
22/10/2024,4695,4259,435
23/10/2024,4694,4244,450
24/10/2024,4633,4175,458
25/10/2024,4576,4100,476
26/10/2024,4565,4074,491
27/10/2024,4509,4007,502
28/10/2024,4746,4256,489
29/10/2024,4843,4361,482
30/10/2024,4758,4318,440
31/10/2024,4303,3852,450
01/11/2024,4046,3609,437
02/11/2024,4034,3577,457
03/11/2024,4055,3592,463
04/11/2024,4320,3872,449
05/11/2024,4456,3987,469
06/11/2024,4545,4061,484
07/11/2024,4563,4094,469
08/11/2024,4584,4122,462
09/11/2024,4588,4121,467
10/11/2024,4421,3938,483
11/11/2024,4588,4102,486
12/11/2024,4623,4172,450
13/11/2024,4568,4102,467
14/11/2024,4544,4111,433
15/11/2024,4482,4104,378
16/11/2024,4386,3954,432
17/11/2024,4206,3718,489
18/11/2024,4337,3812,524
19/11/2024,4380,3891,489
20/11/2024,4332,3841,492
21/11/2024,4374,3917,457
22/11/2024,4391,3915,475
23/11/2024,4388,3939,448
24/11/2024,4231,3780,451
25/11/2024,4343,3860,483
26/11/2024,4356,3923,433
27/11/2024,4336,3901,435
28/11/2024,4338,3816,522
29/11/2024,4391,3892,498
30/11/2024,4294,3793,501
01/12/2024,4059,3553,506
02/12/2024,4215,3685,530
03/12/2024,4291,3720,571
04/12/2024,4355,3779,576
05/12/2024,4388,3896,492
06/12/2024,4459,3998,461
07/12/2024,4425,3988,437
08/12/2024,4246,3754,492
09/12/2024,4395,3832,564
10/12/2024,4460,3871,589
11/12/2024,4461,3883,578
12/12/2024,4427,3863,564
13/12/2024,4429,3791,638
14/12/2024,4400,3763,637
15/12/2024,4252,3644,607
16/12/2024,4423,3864,559
17/12/2024,4537,3976,561
18/12/2024,4645,4073,572
19/12/2024,4605,4110,495
20/12/2024,4667,4118,549
21/12/2024,4602,4131,470
22/12/2024,4439,4028,411
23/12/2024,4552,4146,406
24/12/2024,4595,4107,489
25/12/2024,4549,4055,494
26/12/2024,4540,4106,434
27/12/2024,4424,3935,488
28/12/2024,4247,3697,550
29/12/2024,4194,3629,566
30/12/2024,4406,3854,553
31/12/2024,4464,3911,553
01/01/2025,4393,3805,588
02/01/2025,4448,3915,534
03/01/2025,4592,4018,574
04/01/2025,4577,4033,543
05/01/2025,4439,3913,526
06/01/2025,4612,3985,627
07/01/2025,4698,4053,645
08/01/2025,4689,4099,590
09/01/2025,4700,4115,585
10/01/2025,4762,4202,560
11/01/2025,4669,4191,478
12/01/2025,4473,3950,523
13/01/2025,4547,3977,570
14/01/2025,4385,3770,614
15/01/2025,4447,3825,622
16/01/2025,4550,3918,631
17/01/2025,4656,3943,713
18/01/2025,4656,4073,582
19/01/2025,4482,3993,488
20/01/2025,4605,4093,512
21/01/2025,4686,4132,555
22/01/2025,4706,4135,571
23/01/2025,4698,4029,669
24/01/2025,4760,4027,733
25/01/2025,4766,4121,645
26/01/2025,4518,3884,635
27/01/2025,4728,4160,568
28/01/2025,4851,4304,547
29/01/2025,4870,4292,577
30/01/2025,4888,4340,548
31/01/2025,4915,4382,533
01/02/2025,4832,4281,551
02/02/2025,4663,4048,615
03/02/2025,4838,4260,579
04/02/2025,4880,4255,625
05/02/2025,4888,4258,630
06/02/2025,4906,4145,761
07/02/2025,4930,4193,736
08/02/2025,4923,4289,634
09/02/2025,4799,4204,595
10/02/2025,4949,4394,556
11/02/2025,4993,4381,611
12/02/2025,5012,4423,590
13/02/2025,4981,4395,586
14/02/2025,4986,4413,573
15/02/2025,4963,4283,680
16/02/2025,4809,4171,638
17/02/2025,4989,4374,615
18/02/2025,5058,4465,594
19/02/2025,5073,4514,559
20/02/2025,4942,4337,605
21/02/2025,5031,4423,607
22/02/2025,5008,4411,597
23/02/2025,4808,4193,615
24/02/2025,4943,4280,662
25/02/2025,5015,4432,583
26/02/2025,4978,4351,627
27/02/2025,4965,4393,572
28/02/2025,5004,4374,630
01/03/2025,4957,4298,659
02/03/2025,4813,4172,641
03/03/2025,5012,4363,649
04/03/2025,5084,4307,777
05/03/2025,4997,4232,765
06/03/2025,5023,4381,642
07/03/2025,5117,4490,627
08/03/2025,5140,4528,612
09/03/2025,5038,4402,637
10/03/2025,5166,4483,683
11/03/2025,5217,4574,643
12/03/2025,5187,4577,610
13/03/2025,5146,4453,693
14/03/2025,4646,3967,679
15/03/2025,4766,4100,666
16/03/2025,4866,4222,644
17/03/2025,5102,4454,648
18/03/2025,5159,4472,687
19/03/2025,5216,4527,690
20/03/2025,5167,4509,658
21/03/2025,5134,4478,656
22/03/2025,4969,4329,640
23/03/2025,4793,4166,627
24/03/2025,5046,4378,668
25/03/2025,5124,4446,679
26/03/2025,5186,4475,711
27/03/2025,5237,4534,703
28/03/2025,5212,4511,701
29/03/2025,5105,4397,708
30/03/2025,4964,4291,673
31/03/2025,5021,4357,664
01/04/2025,5022,4353,670
02/04/2025,5031,4389,642
03/04/2025,4964,4360,605
04/04/2025,4941,4307,635
05/04/2025,4994,4348,646
06/04/2025,4868,4125,743
07/04/2025,5117,4365,752
08/04/2025,5277,4582,695
09/04/2025,5336,4643,692
10/04/2025,5086,4276,810
11/04/2025,4926,4080,846
12/04/2025,4904,4134,770
13/04/2025,4770,4039,731
14/04/2025,4971,4189,783
15/04/2025,5132,4377,755
16/04/2025,5242,4518,725
17/04/2025,5236,4508,728
18/04/2025,5200,4403,797
19/04/2025,5145,4294,852
20/04/2025,5136,4366,770
21/04/2025,5334,4663,670
22/04/2025,5444,4765,679
23/04/2025,5442,4731,711
24/04/2025,5519,4762,757
25/04/2025,5576,4825,751
26/04/2025,5473,4788,685
27/04/2025,5163,4483,679
28/04/2025,5305,4598,707
29/04/2025,5338,4593,745
30/04/2025,5357,4567,791
01/05/2025,5107,4306,802
02/05/2025,4978,4230,748
03/05/2025,5096,4285,811
04/05/2025,4781,4005,777
05/05/2025,4844,4155,690
06/05/2025,4797,4127,670
07/05/2025,4876,4201,675
08/05/2025,4964,4280,685
09/05/2025,5112,4456,656
10/05/2025,5192,4534,658
11/05/2025,5018,4325,694
12/05/2025,5215,4458,757
13/05/2025,5269,4500,769
14/05/2025,5345,4629,716
15/05/2025,5409,4729,680
16/05/2025,5373,4607,766
17/05/2025,5240,4485,755
18/05/2025,5042,4323,719
19/05/2025,5251,4568,683
20/05/2025,5300,4572,728
21/05/2025,5099,4322,777
22/05/2025,4813,4017,797
23/05/2025,5102,4272,830
24/05/2025,5022,4149,872
25/05/2025,4502,3753,750
26/05/2025,4843,3973,870
27/05/2025,4978,4045,933
28/05/2025,5036,4127,909
29/05/2025,5002,4100,902
30/05/2025,4924,3893,1031
31/05/2025,4951,3844,1107
01/06/2025,4793,3810,983
02/06/2025,5038,4031,1008
03/06/2025,5018,4024,995
04/06/2025,4968,4055,913
05/06/2025,5095,4328,767
06/06/2025,5303,4499,803
07/06/2025,5411,4498,913
08/06/2025,5317,4367,949
09/06/2025,5612,4641,971
10/06/2025,5711,4730,982
11/06/2025,5734,4814,920
12/06/2025,5732,4835,896
13/06/2025,5611,4899,713
14/06/2025,5644,4900,744
15/06/2025,5139,4420,720
16/06/2025,5166,4345,821
17/06/2025,5051,4212,839
18/06/2025,5069,4090,979
19/06/2025,5087,4038,1048
20/06/2025,5094,4049,1045
21/06/2025,5168,4192,976
22/06/2025,5003,4093,910
23/06/2025,5124,4227,896
24/06/2025,5146,4158,988
25/06/2025,5162,4356,806
26/06/2025,5137,4401,736
27/06/2025,5222,4394,828
28/06/2025,5218,4328,890
29/06/2025,4851,3893,958
30/06/2025,4915,3913,1003
01/07/2025,4952,4006,946
02/07/2025,5059,4200,859
03/07/2025,5140,4340,800
04/07/2025,5247,4399,848
05/07/2025,5209,4262,947
06/07/2025,4958,3984,974
07/07/2025,5105,4147,958
08/07/2025,5245,4315,929
09/07/2025,5177,4241,935
10/07/2025,5094,4265,829
11/07/2025,5245,4431,814
12/07/2025,5240,4396,844
13/07/2025,5046,4135,911
14/07/2025,5072,4080,993
15/07/2025,5109,4211,898
16/07/2025,5153,4331,822
17/07/2025,5161,4417,744
18/07/2025,5202,4540,662
19/07/2025,5270,4556,714
20/07/2025,5124,4390,734
21/07/2025,5293,4532,761
22/07/2025,5243,4378,865
23/07/2025,5228,4246,982
24/07/2025,5213,4335,877
25/07/2025,5169,4279,891
26/07/2025,5055,4097,958
27/07/2025,4943,3971,971
28/07/2025,5152,4160,992
29/07/2025,5122,4043,1079
30/07/2025,5161,4181,980
31/07/2025,5072,4205,867
01/08/2025,5129,4333,796
02/08/2025,5222,4367,855
03/08/2025,5058,4288,769
04/08/2025,5170,4421,749
05/08/2025,5258,4441,818
06/08/2025,5286,4488,797
07/08/2025,5413,4614,799
08/08/2025,5383,4646,738
09/08/2025,5035,4344,691
10/08/2025,4914,4181,733
11/08/2025,5194,4341,852
12/08/2025,5255,4366,889
13/08/2025,5258,4500,758
14/08/2025,5063,4364,700
15/08/2025,4800,4031,769
16/08/2025,4927,4114,813
17/08/2025,4844,4025,819
18/08/2025,4992,4141,851
19/08/2025,5064,4218,846
20/08/2025,5088,4215,872
21/08/2025,5136,4368,768
22/08/2025,5195,4330,864
23/08/2025,5056,4157,899
24/08/2025,4687,3835,851
25/08/2025,4796,3973,824
26/08/2025,4929,4089,840
27/08/2025,4844,4040,805
28/08/2025,4961,4142,820
29/08/2025,4987,4212,774
30/08/2025,5202,4246,956
31/08/2025,4666,3920,746
01/09/2025,4667,3809,858
02/09/2025,4606,3762,843
03/09/2025,4642,3787,856
04/09/2025,4730,3823,907
05/09/2025,4789,3921,868
06/09/2025,4817,3968,849
07/09/2025,4656,3801,855
08/09/2025,4939,4141,798
09/09/2025,5119,4423,697
10/09/2025,5222,4545,677
11/09/2025,5174,4477,697
12/09/2025,5220,4547,673
13/09/2025,5246,4541,705
14/09/2025,5064,4317,747
15/09/2025,5243,4395,848
16/09/2025,5252,4526,726
17/09/2025,5111,4490,620
18/09/2025,5153,4482,671
19/09/2025,5247,4535,711
20/09/2025,5170,4429,741
21/09/2025,4993,4267,725
22/09/2025,5199,4366,833
23/09/2025,5236,4388,848
24/09/2025,5265,4414,852
25/09/2025,5294,4492,802
26/09/2025,5305,4481,824
27/09/2025,5176,4275,901
28/09/2025,5039,4103,936
29/09/2025,5172,4323,849
30/09/2025,5070,4318,753
01/10/2025,4789,4009,779
02/10/2025,4448,3761,687
03/10/2025,4678,4002,676
04/10/2025,4733,4090,643
05/10/2025,4561,3908,653
06/10/2025,4527,3852,675
07/10/2025,4519,3945,573
08/10/2025,4597,4074,523
09/10/2025,4607,4072,534
10/10/2025,4615,4076,539
11/10/2025,4558,4002,556
12/10/2025,4409,3861,547
13/10/2025,4606,4019,587
14/10/2025,4669,4068,601
15/10/2025,4681,4063,618
16/10/2025,4703,4068,635
17/10/2025,4733,4074,659
18/10/2025,4710,4095,615
19/10/2025,4472,3877,595
20/10/2025,4162,3603,559
21/10/2025,4044,3500,544
22/10/2025,4126,3498,628
23/10/2025,4276,3635,642
24/10/2025,4431,3817,614
25/10/2025,4423,3742,681
26/10/2025,4265,3616,648
27/10/2025,4316,3631,685
28/10/2025,4169,3418,751
29/10/2025,4135,3356,779
30/10/2025,4157,3441,716
31/10/2025,4182,3564,618
01/11/2025,4204,3601,603
02/11/2025,4047,3510,537
03/11/2025,4205,3596,608
04/11/2025,4249,3619,631
05/11/2025,4245,3718,527
06/11/2025,4238,3701,537
07/11/2025,4252,3703,549
08/11/2025,4194,3631,564
09/11/2025,4010,3479,531
10/11/2025,4190,3644,546
11/11/2025,4296,3748,548
12/11/2025,4301,3723,578
13/11/2025,4295,3682,613
14/11/2025,4363,3713,650
15/11/2025,4276,3609,667
16/11/2025,4093,3409,684
17/11/2025,4252,3574,678
18/11/2025,4311,3665,646
19/11/2025,4351,3735,616
20/11/2025,4379,3720,659
21/11/2025,4464,3824,640
22/11/2025,4430,3833,597
23/11/2025,4276,3693,583
24/11/2025,4437,3817,620
25/11/2025,4520,3809,711
26/11/2025,4555,3895,661
27/11/2025,4586,3916,670
28/11/2025,4620,3981,639
29/11/2025,4543,3944,599
30/11/2025,4319,3765,554
01/12/2025,4449,3921,527
02/12/2025,4576,4025,551
03/12/2025,4607,3990,618
04/12/2025,4588,3915,674
05/12/2025,4621,3930,691
06/12/2025,4566,3925,641
07/12/2025,4404,3750,654
08/12/2025,4577,3873,704
09/12/2025,4632,3896,735
10/12/2025,4670,3966,703
11/12/2025,4670,3994,676
12/12/2025,4722,4100,622
13/12/2025,4689,4082,607
14/12/2025,4499,3858,641
15/12/2025,4637,3937,700
16/12/2025,4715,4008,707
17/12/2025,4756,4096,661
18/12/2025,4774,4123,651
19/12/2025,4804,4155,649
20/12/2025,4770,4180,591
21/12/2025,4654,4057,597
22/12/2025,4767,4163,604
23/12/2025,4841,4199,642
24/12/2025,4875,4195,680
25/12/2025,4901,4256,645
26/12/2025,4884,4243,641
27/12/2025,4847,4210,638
28/12/2025,4693,4071,622
29/12/2025,4843,4234,609.6